,wages,education,age,sex,language,department,Location Of Job,University
0,-121.07622342902168,127.25725725725727,-60.233566900233576,Male,English,Chemical,Calagary,NO
1,-110.09817951684606,37.25725725725724,-340.23356690023354,Male,English,Music,Winnipeg,NO
2,-0.000874127624530935,177.25725725725727,59.766433099766424,Male,Other,Music,Vancour,NO
3,58.56449513385256,77.25725725725728,19.76643309976642,Male,Other,Electrical,Calagary,yes
4,-0.000874127624530935,-222.7427427427427,353.0997664330998,Male,English,CS,Edmonton,yes
5,-35.24788011564846,177.25725725725727,73.09976643309976,Female,English,Physics,Hamilton,yes
6,-0.000874127624530935,-22.742742742742728,339.76643309976646,Female,English,Electrical,Ottawa,yes
7,-0.000874127624530935,102.25725725725728,-33.56690023356691,Female,English,Music,Quebec,yes
8,-179.9584589579638,127.25725725725727,-180.2335669002336,Male,English,Physics,Calagary,yes
9,-0.000874127624530935,-122.74274274274273,153.09976643309975,Female,English,Bio,Kitchener,NO
10,-0.000874127624530935,2.2572572572572724,353.0997664330998,Female,English,Music,Quebec,NO
11,38.85391629153713,52.25725725725728,-193.5669002335669,Female,English,Chemical,Ottawa,yes
12,-0.000874127624530935,-522.7427427427427,153.09976643309975,Male,English,Electrical,Edmonton,NO
13,-217.38360865856265,-22.742742742742728,219.76643309976643,Female,English,astronomy,Kitchener,NO
14,-0.000874127624530935,-22.742742742742728,-260.23356690023354,Female,English,Physics,Kitchener,yes
15,-0.000874127624530935,-72.74274274274272,-113.56690023356693,Female,French,Physics,Ottawa,yes
16,-0.000874127624530935,-72.74274274274272,126.43309976643307,Female,English,Math,Edmonton,yes
17,-0.000874127624530935,-122.74274274274273,233.09976643309977,Female,English,Bio,Quebec,NO
18,-0.000874127624530935,-97.74274274274272,339.76643309976646,Female,English,Electrical,Kitchener,yes
19,-35.24788011564846,77.25725725725728,19.76643309976642,Female,Other,Music,Vancour,yes
20,-0.000874127624530935,-222.7427427427427,59.766433099766424,Female,English,Physics,Quebec,NO
21,-0.000874127624530935,-222.7427427427427,-140.2335669002336,Male,Other,Music,Quebec,yes
22,-0.000874127624530935,-72.74274274274272,-366.9002335669002,Male,English,Bio,Winnipeg,NO
23,-0.000874127624530935,227.2572572572573,539.7664330997665,Female,English,Chemical,Hamilton,NO
24,94.49263884642735,277.25725725725727,-20.23356690023358,Male,English,Chemical,Hamilton,yes
25,-203.66105376834307,-72.74274274274272,-366.9002335669002,Male,English,CS,Ottawa,NO
26,-0.000874127624530935,-72.74274274274272,433.0997664330998,Female,English,Math,Calagary,yes
27,-0.000874127624530935,27.257257257257272,339.76643309976646,Male,English,Music,Hamilton,yes
28,14.65231948514994,-272.74274274274273,19.76643309976642,Male,Other,Music,Winnipeg,NO
29,189.3030180879443,77.25725725725728,-166.90023356690025,Male,English,Bio,Hamilton,yes
30,516.3988264711778,227.2572572572573,-126.90023356690025,Male,English,astronomy,Winnipeg,yes
31,-0.000874127624530935,27.257257257257272,593.0997664330997,Male,Other,Chemical,Kitchener,NO
32,-0.000874127624530935,-222.7427427427427,313.0997664330998,Male,English,Physics,Quebec,NO
33,-0.000874127624530935,-122.74274274274273,366.4330997664331,Male,English,Physics,Winnipeg,NO
34,-0.000874127624530935,-72.74274274274272,-380.23356690023354,Female,English,astronomy,Kitchener,yes
35,-0.000874127624530935,-322.74274274274273,179.7664330997664,Female,Other,Electrical,Ottawa,yes
36,118.44473465481062,377.25725725725727,-73.56690023356691,Male,English,Electrical,Ottawa,yes
37,-69.92851883820336,27.257257257257272,-166.90023356690025,Male,English,Chemical,Ottawa,yes
38,-0.000874127624530935,-72.74274274274272,259.76643309976646,Female,English,Math,Calagary,yes
39,-0.000874127624530935,-122.74274274274273,113.09976643309975,Female,English,Bio,Kitchener,NO
40,-0.000874127624530935,-222.7427427427427,366.4330997664331,Male,English,Bio,Calagary,yes
41,-0.000874127624530935,327.25725725725727,-86.90023356690024,Female,English,Electrical,Vancour,yes
42,-43.98041504578817,327.25725725725727,-193.5669002335669,Female,English,Music,Kitchener,NO
43,-159.99837911764445,67.25725725725731,-326.9002335669002,Female,English,Electrical,Edmonton,NO
44,-0.000874127624530935,-72.74274274274272,-340.23356690023354,Female,English,Chemical,Kitchener,NO
45,-0.000874127624530935,-72.74274274274272,-353.5669002335669,Female,English,Math,Vancour,NO
46,66.29902607197629,57.25725725725725,46.43309976643309,Male,Other,CS,Ottawa,NO
47,-0.000874127624530935,-122.74274274274273,286.4330997664331,Female,English,Chemical,Calagary,yes
48,-0.000874127624530935,-22.742742742742728,99.76643309976643,Female,English,Chemical,Quebec,NO
49,-0.000874127624530935,27.257257257257272,-73.56690023356691,Female,English,Electrical,Quebec,yes
50,-0.000874127624530935,-7.742742742742692,-273.5669002335669,Female,,Music,Vancour,NO
51,-226.1161435887023,-7.742742742742692,-380.23356690023354,Male,English,Music,Calagary,NO
52,-0.000874127624530935,377.25725725725727,299.76643309976646,Male,English,astronomy,Edmonton,NO
53,14.90182048315397,327.25725725725727,-73.56690023356691,Female,English,astronomy,Winnipeg,NO
54,274.1333574093016,12.257257257257237,-86.90023356690024,Male,English,Math,Winnipeg,NO
55,-0.000874127624530935,77.25725725725728,246.43309976643312,Female,English,Music,Calagary,NO
56,130.67028355700617,327.25725725725727,-100.23356690023357,Male,English,astronomy,Hamilton,yes
57,-0.000874127624530935,-172.74274274274273,-166.90023356690025,Male,English,Chemical,Ottawa,NO
58,-0.000874127624530935,317.25725725725727,193.09976643309975,Female,English,Math,Edmonton,NO
59,-0.000874127624530935,27.257257257257272,339.76643309976646,Male,English,Bio,Ottawa,NO
60,190.30102207996026,327.25725725725727,-100.23356690023357,Female,English,Music,Ottawa,NO
61,215.00162088235552,292.25725725725727,-180.2335669002336,Male,English,Electrical,Quebec,NO
62,-85.14807971644686,77.25725725725728,19.76643309976642,Female,English,Math,Vancour,yes
63,254.1732775689823,27.257257257257272,-46.90023356690024,Male,English,astronomy,Edmonton,yes
64,-0.000874127624530935,77.25725725725728,-220.23356690023357,Female,Other,astronomy,Edmonton,yes
65,-213.6410936885027,157.25725725725727,-180.2335669002336,Female,English,Bio,Edmonton,NO
66,-0.000874127624530935,177.25725725725727,99.76643309976643,Female,English,Music,Winnipeg,NO
67,-10.297780315249259,-22.742742742742728,-60.233566900233576,Male,English,Music,Quebec,NO
68,-0.000874127624530935,77.25725725725728,-166.90023356690025,Female,Other,Electrical,Winnipeg,yes
69,-0.000874127624530935,-272.74274274274273,433.0997664330998,Male,English,Chemical,Ottawa,NO
70,-141.28580426734507,-222.7427427427427,206.4330997664331,Male,English,Chemical,Winnipeg,NO
71,-0.000874127624530935,-222.7427427427427,113.09976643309975,Female,English,CS,Edmonton,yes
72,-217.38360865856265,-72.74274274274272,-366.9002335669002,Female,English,Math,Vancour,NO
73,-0.000874127624530935,277.25725725725727,166.4330997664331,Male,English,Electrical,Kitchener,NO
74,-10.297780315249259,227.2572572572573,-73.56690023356691,Male,English,Electrical,Quebec,NO
75,-0.000874127624530935,-572.7427427427427,59.766433099766424,Female,English,Electrical,Kitchener,NO
76,-0.000874127624530935,-22.742742742742728,59.766433099766424,Female,English,Electrical,Edmonton,NO
77,-122.57322941704567,52.25725725725728,-273.5669002335669,Male,English,Math,Edmonton,yes
78,-53.71095396794387,-22.742742742742728,99.76643309976643,Female,English,Physics,Edmonton,yes
79,58.314994135848536,277.25725725725727,-140.2335669002336,Male,English,Bio,Winnipeg,NO
80,-0.000874127624530935,-222.7427427427427,619.7664330997665,Female,English,Math,Kitchener,NO
81,-28.76085416754467,-22.742742742742728,-140.2335669002336,Female,English,Electrical,Quebec,yes
82,65.80002407596831,127.25725725725727,-140.2335669002336,Male,English,Bio,Hamilton,yes
83,-0.000874127624530935,377.25725725725727,179.7664330997664,Male,English,astronomy,Ottawa,yes
84,-0.000874127624530935,-22.742742742742728,379.76643309976646,Female,Other,Electrical,Edmonton,yes
85,-0.000874127624530935,2.2572572572572724,-60.233566900233576,Male,English,Chemical,Vancour,NO
86,-0.000874127624530935,-22.742742742742728,-126.90023356690025,Female,English,Math,Vancour,NO
87,74.28305800810404,-172.74274274274273,-60.233566900233576,Male,English,CS,Edmonton,NO
88,87.50661090231564,-97.74274274274272,46.43309976643309,Male,English,astronomy,Hamilton,NO
89,130.42078255900222,327.25725725725727,-73.56690023356691,Male,English,Physics,Vancour,NO
90,-0.000874127624530935,-122.74274274274273,326.4330997664331,Male,Other,CS,Kitchener,NO
91,1.927768586946353,77.25725725725728,-153.5669002335669,Female,English,CS,Calagary,NO
92,-125.06823939708556,27.257257257257272,233.09976643309977,Female,English,Physics,Quebec,NO
93,-0.000874127624530935,277.25725725725727,339.76643309976646,Female,English,astronomy,Winnipeg,NO
94,-0.567241393093558,127.25725725725727,-220.23356690023357,Female,English,Chemical,Vancour,yes
95,34.61239932546932,2.2572572572572724,-113.56690023356693,Male,English,astronomy,Hamilton,yes
96,-0.000874127624530935,-122.74274274274273,-33.56690023356691,Male,English,Math,Kitchener,NO
97,-1.3157443871055623,377.25725725725727,33.09976643309976,Female,English,Bio,Winnipeg,NO
98,-0.000874127624530935,2.2572572572572724,-340.23356690023354,Male,English,Electrical,Edmonton,NO
99,-0.000874127624530935,-122.74274274274273,-380.23356690023354,Male,English,Physics,Ottawa,yes
100,64.05351708994037,-22.742742742742728,113.09976643309975,Female,English,CS,Winnipeg,NO
101,-0.000874127624530935,-422.74274274274273,326.4330997664331,Female,Other,Math,Edmonton,yes
102,-0.000874127624530935,-272.74274274274273,433.0997664330998,Male,Other,Music,Vancour,yes
103,-0.000874127624530935,77.25725725725728,46.43309976643309,Female,English,Math,Kitchener,yes
104,-217.38360865856265,77.25725725725728,-326.9002335669002,Male,English,Chemical,Ottawa,yes
105,-259.79877831924125,-72.74274274274272,-366.9002335669002,Male,Other,CS,Calagary,NO
106,-85.14807971644686,17.257257257257308,-326.9002335669002,Male,English,Chemical,Quebec,yes
107,-218.38161265057855,152.25725725725727,-180.2335669002336,Female,English,Physics,Vancour,NO
108,-0.000874127624530935,-157.74274274274268,19.76643309976642,Female,French,Physics,Calagary,NO
109,-35.24788011564846,52.25725725725728,113.09976643309975,Female,Other,Music,Quebec,yes
110,254.1732775689823,77.25725725725728,-140.2335669002336,Male,English,Physics,Kitchener,NO
111,75.28106200011997,227.2572572572573,-220.23356690023357,Male,Other,Physics,Kitchener,NO
112,-97.62312961664645,-22.742742742742728,46.43309976643309,Female,Other,CS,Winnipeg,NO
113,-35.24788011564846,-222.7427427427427,-233.56690023356688,Male,English,Chemical,Hamilton,NO
114,-0.000874127624530935,-222.7427427427427,526.4330997664331,Female,English,Music,Edmonton,yes
115,-234.10017552483006,77.25725725725728,-300.23356690023354,Male,Other,Math,Kitchener,NO
116,-0.000874127624530935,277.25725725725727,33.09976643309976,Male,English,Music,Calagary,NO
117,-0.000874127624530935,2.2572572572572724,86.43309976643309,Female,English,astronomy,Ottawa,NO
118,-179.2099559639518,27.257257257257272,6.433099766433088,Female,English,CS,Kitchener,yes
119,-0.000874127624530935,27.257257257257272,-300.23356690023354,Female,English,Math,Vancour,NO
120,-0.000874127624530935,-22.742742742742728,353.0997664330998,Male,English,Bio,Quebec,yes
121,-1.3157443871055623,-72.74274274274272,86.43309976643309,Female,French,Math,Winnipeg,yes
122,-0.000874127624530935,27.257257257257272,206.4330997664331,Female,English,Math,Calagary,yes
123,-41.48540506574825,-197.74274274274273,166.4330997664331,Male,English,Bio,Edmonton,yes
124,-0.000874127624530935,77.25725725725728,-100.23356690023357,Female,English,Math,Vancour,yes
125,-198.9205348062672,-172.74274274274273,-140.2335669002336,Male,English,astronomy,Quebec,NO
126,238.20521369672676,277.25725725725727,-6.900233566900245,Female,English,Electrical,Quebec,yes
127,443.29503405600815,377.25725725725727,126.43309976643307,Male,English,Chemical,Vancour,yes
128,-0.000874127624530935,27.257257257257272,-340.23356690023354,Male,English,astronomy,Quebec,NO
129,-0.000874127624530935,-72.74274274274272,486.4330997664331,Female,English,CS,Winnipeg,yes
130,-95.37762063461052,47.25725725725729,-246.90023356690023,Male,English,Chemical,Quebec,NO
131,-0.000874127624530935,327.25725725725727,379.76643309976646,Male,English,Music,Winnipeg,yes
132,-33.002371133612534,77.25725725725728,-153.5669002335669,Male,English,Chemical,Ottawa,yes
133,-0.000874127624530935,27.257257257257272,233.09976643309977,Male,English,CS,Calagary,yes
134,202.2770699841519,27.257257257257272,-166.90023356690025,Male,English,CS,Quebec,NO
135,10.660303517086062,-22.742742742742728,46.43309976643309,Male,English,Bio,Hamilton,yes
136,207.2670899442317,-147.74274274274273,73.09976643309976,Male,English,Electrical,Hamilton,yes
137,-175.71694199189596,2.2572572572572724,273.0997664330998,Female,English,Music,Kitchener,yes
138,-0.000874127624530935,-222.7427427427427,-166.90023356690025,Male,French,Chemical,Edmonton,yes
139,-0.000874127624530935,-147.74274274274273,33.09976643309976,Female,French,Chemical,Ottawa,NO
140,-0.000874127624530935,-22.742742742742728,-273.5669002335669,Female,English,Chemical,Vancour,yes
141,-130.0582593571654,-22.742742742742728,-246.90023356690023,Female,English,CS,Ottawa,yes
142,-194.67901784019932,77.25725725725728,-286.9002335669002,Female,English,Physics,Vancour,yes
143,-0.000874127624530935,-272.74274274274273,166.4330997664331,Male,Other,Math,Edmonton,yes
144,-0.000874127624530935,27.257257257257272,233.09976643309977,Female,Other,Physics,Edmonton,yes
145,-0.000874127624530935,-97.74274274274272,246.43309976643312,Male,English,CS,Calagary,NO
146,-0.000874127624530935,27.257257257257272,-100.23356690023357,Female,English,Bio,Calagary,NO
147,-216.13610366854263,-122.74274274274273,-313.5669002335669,Male,English,CS,Kitchener,NO
148,261.907808507106,77.25725725725728,-126.90023356690025,Female,English,Physics,Vancour,NO
149,-0.000874127624530935,-222.7427427427427,286.4330997664331,Female,English,astronomy,Winnipeg,yes
150,-0.000874127624530935,127.25725725725727,-126.90023356690025,Female,English,Bio,Kitchener,yes
151,-0.000874127624530935,77.25725725725728,-153.5669002335669,Male,English,Music,Quebec,NO
152,-0.000874127624530935,-22.742742742742728,-340.23356690023354,Male,French,Bio,Vancour,NO
153,13.155313497125974,37.25725725725724,-126.90023356690025,Female,English,astronomy,Winnipeg,NO
154,-217.1341076605586,27.257257257257272,-220.23356690023357,Male,English,Electrical,Quebec,NO
155,134.16329752906208,-22.742742742742728,-140.2335669002336,Female,English,Chemical,Kitchener,yes
156,-0.000874127624530935,-172.74274274274273,193.09976643309975,Female,English,astronomy,Edmonton,yes
157,-166.23590406774426,-22.742742742742728,59.766433099766424,Female,English,CS,Ottawa,NO
158,139.1533174891419,77.25725725725728,33.09976643309976,Male,English,Electrical,Vancour,yes
159,-0.000874127624530935,-122.74274274274273,-180.2335669002336,Male,English,Bio,Hamilton,NO
160,621.4387466308584,77.25725725725728,-33.56690023356691,Male,English,Music,Calagary,NO
161,-179.9584589579638,77.25725725725728,-340.23356690023354,Male,English,Music,Calagary,yes
162,-110.09817951684606,27.257257257257272,-233.56690023356688,Female,English,Math,Edmonton,yes
163,-10.297780315249259,2.2572572572572724,-193.5669002335669,Male,English,Chemical,Hamilton,NO
164,-0.000874127624530935,-122.74274274274273,99.76643309976643,Female,English,Electrical,Edmonton,yes
165,633.4147945350501,377.25725725725727,206.4330997664331,Male,English,Math,Winnipeg,yes
166,-184.94847891804366,-22.742742742742728,86.43309976643309,Female,English,astronomy,Vancour,yes
167,-22.772830215448856,-97.74274274274272,6.433099766433088,Female,English,Physics,Vancour,NO
168,-159.99837911764445,27.257257257257272,-180.2335669002336,Female,English,Math,Edmonton,NO
169,-25.26784019548877,-197.74274274274273,86.43309976643309,Male,English,Electrical,Vancour,yes
170,-0.000874127624530935,-372.74274274274273,459.76643309976646,Male,Other,Bio,Vancour,NO
171,-0.000874127624530935,-22.742742742742728,206.4330997664331,Female,Other,Music,Calagary,NO
172,-85.14807971644686,-72.74274274274272,113.09976643309975,Female,French,Electrical,Edmonton,yes
173,-0.000874127624530935,-222.7427427427427,139.7664330997664,Female,English,Music,Winnipeg,NO
174,-0.000874127624530935,152.25725725725727,113.09976643309975,Female,English,Electrical,Ottawa,yes
175,-209.89857871844282,92.25725725725731,-353.5669002335669,Male,English,astronomy,Ottawa,yes
176,-0.000874127624530935,-322.74274274274273,379.76643309976646,Female,Other,Electrical,Edmonton,yes
177,262.15730950511005,277.25725725725727,46.43309976643309,Male,English,Chemical,Calagary,NO
178,-0.000874127624530935,27.257257257257272,206.4330997664331,Female,English,Electrical,Winnipeg,NO
179,-0.000874127624530935,-172.74274274274273,326.4330997664331,Female,English,CS,Winnipeg,yes
180,-0.000874127624530935,-22.742742742742728,-353.5669002335669,Male,English,Math,Winnipeg,yes
181,250.1812616009184,-72.74274274274272,-46.90023356690024,Male,English,Music,Ottawa,yes
182,-135.04827931724526,-17.742742742742745,-140.2335669002336,Female,English,CS,Vancour,NO
183,-60.94648291005962,132.25725725725727,153.09976643309975,Male,English,astronomy,Winnipeg,yes
184,-209.89857871844282,77.25725725725728,-340.23356690023354,Male,English,Music,Vancour,NO
185,-0.000874127624530935,77.25725725725728,-153.5669002335669,Female,English,Physics,Calagary,yes
186,-0.000874127624530935,-72.74274274274272,-20.23356690023358,Male,English,Physics,Ottawa,NO
187,-162.74289009568835,-22.742742742742728,-353.5669002335669,Female,English,Physics,Ottawa,yes
188,153.62437537337348,-172.74274274274273,-46.90023356690024,Male,Other,CS,Edmonton,yes
189,-0.000874127624530935,177.25725725725727,393.0997664330998,Female,English,Music,Ottawa,yes
190,-125.06823939708556,-7.742742742742692,139.7664330997664,Female,English,Bio,Vancour,NO
191,-0.000874127624530935,-422.74274274274273,233.09976643309977,Male,Other,Chemical,Kitchener,yes
192,129.67227956499022,2.2572572572572724,-60.233566900233576,Male,French,CS,Quebec,yes
193,-107.35366853880215,-72.74274274274272,-46.90023356690024,Male,Other,Math,Quebec,yes
194,-0.000874127624530935,-272.74274274274273,73.09976643309976,Female,English,CS,Calagary,NO
195,-0.000874127624530935,-222.7427427427427,459.76643309976646,Female,English,Music,Ottawa,yes
196,-0.000874127624530935,177.25725725725727,553.0997664330997,Male,English,Music,Quebec,yes
197,-0.000874127624530935,-372.74274274274273,513.0997664330997,Male,Other,Bio,Kitchener,NO
198,167.596431261597,77.25725725725728,139.7664330997664,Male,English,Electrical,Quebec,yes
199,-0.000874127624530935,-222.7427427427427,366.4330997664331,Female,English,astronomy,Winnipeg,yes
200,-47.72293001584806,227.2572572572573,-193.5669002335669,Male,English,astronomy,Quebec,yes
201,-52.96245097393191,-7.742742742742692,-206.90023356690025,Female,,astronomy,Edmonton,NO
202,-0.000874127624530935,-22.742742742742728,113.09976643309975,Female,English,Electrical,Edmonton,NO
203,-0.000874127624530935,-22.742742742742728,73.09976643309976,Female,Other,Physics,Calagary,yes
204,-0.000874127624530935,-222.7427427427427,259.76643309976646,Female,English,Bio,Calagary,NO
205,153.37487437536944,332.2572572572573,-166.90023356690025,Male,English,Physics,Ottawa,yes
206,-0.000874127624530935,2.2572572572572724,-193.5669002335669,Female,English,Bio,Vancour,yes
207,-216.13610366854263,-122.74274274274273,-380.23356690023354,Male,Other,Electrical,Calagary,yes
208,-0.000874127624530935,82.25725725725725,-286.9002335669002,Female,English,Bio,Edmonton,yes
209,-0.000874127624530935,-222.7427427427427,233.09976643309977,Female,French,Music,Ottawa,NO
210,-159.99837911764445,77.25725725725728,313.0997664330998,Female,English,Electrical,Calagary,yes
211,-0.000874127624530935,107.25725725725727,-126.90023356690025,Male,English,Math,Edmonton,yes
212,-60.19797991604766,117.25725725725731,-260.23356690023354,Female,Other,Electrical,Kitchener,yes
213,-0.000874127624530935,-22.742742742742728,6.433099766433088,Female,English,Bio,Edmonton,yes
214,-246.3257244270257,277.25725725725727,-286.9002335669002,Male,English,CS,Ottawa,NO
215,-222.8726306146504,-72.74274274274272,-366.9002335669002,Male,English,CS,Winnipeg,NO
216,633.4147945350501,217.2572572572573,-73.56690023356691,Male,English,Bio,Hamilton,yes
217,-0.000874127624530935,227.2572572572573,299.76643309976646,Male,English,Math,Kitchener,yes
218,-59.948478918043676,-97.74274274274272,-73.56690023356691,Female,English,Physics,Edmonton,yes
219,-0.000874127624530935,-72.74274274274272,86.43309976643309,Male,Other,Chemical,Kitchener,NO
220,93.74413585241544,227.2572572572573,59.766433099766424,Male,English,Physics,Hamilton,NO
221,-0.000874127624530935,27.257257257257272,-166.90023356690025,Male,English,Bio,Winnipeg,yes
222,-0.000874127624530935,-47.74274274274273,513.0997664330997,Female,English,Math,Ottawa,NO
223,257.9157925390421,2.2572572572572724,-180.2335669002336,Male,English,astronomy,Calagary,yes
224,363.9537166907387,377.25725725725727,-73.56690023356691,Male,English,Chemical,Ottawa,yes
225,-0.000874127624530935,2.2572572572572724,-33.56690023356691,Male,English,Chemical,Vancour,yes
226,-0.000874127624530935,-272.74274274274273,206.4330997664331,Male,French,Electrical,Edmonton,yes
227,-153.76085416754466,-122.74274274274273,-60.233566900233576,Female,English,Music,Edmonton,NO
228,-240.83670247093784,-122.74274274274273,-366.9002335669002,Male,English,astronomy,Edmonton,NO
229,-290.9864030697402,-72.74274274274272,-366.9002335669002,Male,English,Bio,Calagary,yes
230,637.406810503114,-97.74274274274272,126.43309976643307,Male,English,astronomy,Vancour,yes
231,149.13335740930162,277.25725725725727,-46.90023356690024,Female,English,astronomy,Winnipeg,NO
232,-0.000874127624530935,127.25725725725727,393.0997664330998,Female,English,astronomy,Hamilton,yes
233,-0.000874127624530935,27.257257257257272,299.76643309976646,Female,,astronomy,Edmonton,yes
234,-306.70496594399174,252.2572572572573,-273.5669002335669,Male,Other,Math,Kitchener,NO
235,-0.000874127624530935,-72.74274274274272,-33.56690023356691,Male,English,CS,Kitchener,yes
236,-0.000874127624530935,-97.74274274274272,-100.23356690023357,Male,English,Music,Winnipeg,NO
237,-11.295784307265206,182.25725725725732,-220.23356690023357,Female,English,Music,Ottawa,NO
238,-0.000874127624530935,-72.74274274274272,139.7664330997664,Female,English,astronomy,Winnipeg,NO
239,-71.42552482622729,27.257257257257272,-100.23356690023357,Male,Other,CS,Winnipeg,NO
240,-216.13610366854263,152.25725725725727,-313.5669002335669,Female,English,Music,Winnipeg,NO
241,-121.07622342902168,-32.74274274274269,-313.5669002335669,Male,English,Chemical,Edmonton,NO
242,-116.33570446694586,-17.742742742742745,-353.5669002335669,Male,English,astronomy,Hamilton,yes
243,-0.000874127624530935,-122.74274274274273,366.4330997664331,Female,English,Math,Kitchener,NO
244,-255.55726135317337,242.2572572572573,-140.2335669002336,Female,English,Music,Winnipeg,yes
245,-0.000874127624530935,227.2572572572573,19.76643309976642,Male,English,Electrical,Edmonton,NO
246,-0.000874127624530935,-122.74274274274273,233.09976643309977,Female,English,Bio,Hamilton,yes
247,93.24513385640738,27.257257257257272,73.09976643309976,Male,English,Chemical,Calagary,NO
248,-0.000874127624530935,-72.74274274274272,-166.90023356690025,Female,English,Chemical,Ottawa,NO
249,505.17128156099807,377.25725725725727,46.43309976643309,Male,Other,Chemical,Ottawa,NO
250,-138.79079428730515,72.2572572572573,-326.9002335669002,Male,English,CS,Ottawa,NO
251,309.0634971298605,-22.742742742742728,-140.2335669002336,Female,English,Electrical,Quebec,yes
252,-57.20396793999977,-22.742742742742728,-180.2335669002336,Male,English,CS,Edmonton,yes
253,647.8858524192816,-67.74274274274275,-6.900233566900245,Male,Other,Physics,Winnipeg,NO
254,401.3788663913375,127.25725725725727,-33.56690023356691,Male,English,Physics,Hamilton,yes
255,-10.297780315249259,227.2572572572573,179.7664330997664,Female,English,Bio,Calagary,NO
256,-14.04029528530915,27.257257257257272,-86.90023356690024,Male,French,Math,Quebec,yes
257,94.49263884642735,77.25725725725728,-220.23356690023357,Male,French,Physics,Ottawa,yes
258,-202.16404778031912,-72.74274274274272,246.43309976643312,Female,English,Physics,Hamilton,NO
259,-38.24189209169634,-22.742742742742728,-153.5669002335669,Female,Other,Chemical,Vancour,NO
260,-0.000874127624530935,52.25725725725728,339.76643309976646,Female,English,Physics,Hamilton,NO
261,-0.000874127624530935,-122.74274274274273,-380.23356690023354,Female,English,Bio,Ottawa,NO
262,14.65231948514994,-72.74274274274272,166.4330997664331,Female,English,CS,Kitchener,NO
263,-196.92452682223526,-42.74274274274275,-340.23356690023354,Male,English,Music,Winnipeg,yes
264,-0.000874127624530935,-622.7427427427427,473.0997664330998,Female,Other,astronomy,Calagary,NO
265,-64.18999588411153,2.2572572572572724,-246.90023356690023,Female,English,astronomy,Kitchener,yes
266,-224.36963660267438,2.2572572572572724,-20.23356690023358,Female,English,Bio,Quebec,yes
267,54.07347716978063,-22.742742742742728,-180.2335669002336,Male,English,Electrical,Winnipeg,yes
268,-8.551273329221308,-372.74274274274273,273.0997664330998,Male,Other,Physics,Edmonton,NO
269,-0.000874127624530935,-72.74274274274272,-126.90023356690025,Female,English,astronomy,Vancour,NO
270,-0.000874127624530935,-222.7427427427427,259.76643309976646,Male,English,Bio,Calagary,yes
271,330.5205829582038,227.2572572572573,73.09976643309976,Male,English,Electrical,Winnipeg,NO
272,-233.35167253081812,2.2572572572572724,-326.9002335669002,Female,English,Physics,Kitchener,yes
273,56.568487149820584,-22.742742742742728,-140.2335669002336,Male,English,Music,Quebec,NO
274,333.5145949342517,192.25725725725732,-60.233566900233576,Male,English,Chemical,Vancour,NO
275,-154.5093571615566,27.257257257257272,-180.2335669002336,Female,English,Music,Edmonton,yes
276,-194.92851883820333,-72.74274274274272,-233.56690023356688,Male,English,Math,Kitchener,yes
277,-52.96245097393191,-222.7427427427427,113.09976643309975,Male,English,Bio,Calagary,NO
278,-0.000874127624530935,-222.7427427427427,33.09976643309976,Male,English,Electrical,Kitchener,yes
279,-204.90855875836303,107.25725725725727,-340.23356690023354,Male,English,Music,Winnipeg,yes
280,-0.000874127624530935,-72.74274274274272,-366.9002335669002,Female,English,astronomy,Winnipeg,NO
281,-0.000874127624530935,-22.742742742742728,-113.56690023356693,Male,English,Electrical,Vancour,NO
282,-0.000874127624530935,-222.7427427427427,339.76643309976646,Male,English,Chemical,Edmonton,NO
283,-0.000874127624530935,127.25725725725727,33.09976643309976,Male,English,Bio,Ottawa,NO
284,-0.000874127624530935,-122.74274274274273,259.76643309976646,Male,French,CS,Winnipeg,yes
285,-34.4993771216365,-222.7427427427427,-73.56690023356691,Male,Other,Music,Edmonton,yes
286,190.30102207996026,77.25725725725728,-60.233566900233576,Male,English,Chemical,Quebec,NO
287,-77.66304977632709,377.25725725725727,-60.233566900233576,Male,English,Physics,Calagary,yes
288,-0.000874127624530935,32.25725725725725,-46.90023356690024,Male,Other,astronomy,Kitchener,NO
289,-0.000874127624530935,77.25725725725728,99.76643309976643,Female,English,Electrical,Quebec,yes
290,151.87786838734553,57.25725725725725,-273.5669002335669,Male,English,astronomy,Winnipeg,NO
291,-0.000874127624530935,-372.74274274274273,526.4330997664331,Male,French,Physics,Vancour,NO
292,-150.01833919748475,-72.74274274274272,-340.23356690023354,Female,English,astronomy,Vancour,NO
293,-97.62312961664645,-222.7427427427427,193.09976643309975,Male,English,Chemical,Edmonton,NO
294,-236.84468650287397,102.25725725725728,-300.23356690023354,Female,English,Math,Kitchener,yes
295,-0.000874127624530935,77.25725725725728,46.43309976643309,Male,English,CS,Calagary,yes
296,-0.000874127624530935,-97.74274274274272,-246.90023356690023,Female,English,astronomy,Winnipeg,NO
297,-0.000874127624530935,42.25725725725731,19.76643309976642,Female,English,Chemical,Hamilton,yes
298,-0.000874127624530935,-22.742742742742728,-180.2335669002336,Female,English,Chemical,Vancour,NO
299,-0.000874127624530935,-72.74274274274272,-366.9002335669002,Female,English,Music,Quebec,yes
300,-0.000874127624530935,-197.74274274274273,353.0997664330998,Female,English,astronomy,Hamilton,yes
301,308.81399613185647,52.25725725725728,166.4330997664331,Female,English,Bio,Calagary,NO
302,-0.000874127624530935,-7.742742742742692,459.76643309976646,Male,Other,Bio,Ottawa,yes
303,-0.000874127624530935,-197.74274274274273,219.76643309976643,Female,English,Chemical,Edmonton,yes
304,-0.000874127624530935,-222.7427427427427,313.0997664330998,Female,English,CS,Hamilton,yes
305,54.57247916578869,222.2572572572572,-73.56690023356691,Female,English,Music,Edmonton,yes
306,-85.14807971644686,-322.74274274274273,273.0997664330998,Male,French,CS,Kitchener,NO
307,-0.000874127624530935,102.25725725725728,-260.23356690023354,Female,English,Bio,Calagary,yes
308,169.09343724962102,177.25725725725727,-166.90023356690025,Male,English,Electrical,Quebec,NO
309,-0.000874127624530935,-122.74274274274273,339.76643309976646,Female,French,Electrical,Ottawa,NO
310,-0.000874127624530935,-122.74274274274273,-380.23356690023354,Male,English,Electrical,Quebec,yes
311,-159.99837911764445,77.25725725725728,-326.9002335669002,Male,English,Math,Winnipeg,NO
312,-64.43949688211552,247.2572572572572,6.433099766433088,Female,English,Physics,Vancour,yes
313,-237.34368849888196,-122.74274274274273,-380.23356690023354,Male,English,Math,Winnipeg,NO
314,-0.000874127624530935,-122.74274274274273,-326.9002335669002,Female,English,Chemical,Quebec,NO
315,9.412798527066085,252.2572572572573,-246.90023356690023,Male,English,Music,Ottawa,NO
316,-0.000874127624530935,232.25725725725732,-260.23356690023354,Female,English,Electrical,Calagary,yes
317,-206.15606374838296,-72.74274274274272,-366.9002335669002,Male,English,Math,Calagary,yes
318,143.14533345720577,-22.742742742742728,-46.90023356690024,Male,English,Chemical,Quebec,yes
319,-0.000874127624530935,-322.74274274274273,473.0997664330998,Male,French,Math,Hamilton,yes
320,-0.000874127624530935,127.25725725725727,-86.90023356690024,Male,English,Electrical,Quebec,NO
321,43.09543325760504,2.2572572572572724,-193.5669002335669,Female,French,astronomy,Edmonton,yes
322,-0.000874127624530935,-22.742742742742728,353.0997664330998,Male,English,Music,Edmonton,NO
323,-0.000874127624530935,-222.7427427427427,339.76643309976646,Male,English,Electrical,Ottawa,NO
324,106.46868675061897,-47.74274274274273,-140.2335669002336,Male,English,Bio,Calagary,NO
325,-135.04827931724526,177.25725725725727,-180.2335669002336,Male,English,Electrical,Winnipeg,yes
326,-0.000874127624530935,-322.74274274274273,366.4330997664331,Female,Other,CS,Winnipeg,NO
327,-193.43151285017936,177.25725725725727,-326.9002335669002,Female,English,Physics,Quebec,NO
328,-0.000874127624530935,-322.74274274274273,233.09976643309977,Male,Other,astronomy,Edmonton,NO
329,-0.000874127624530935,-122.74274274274273,299.76643309976646,Male,English,Chemical,Hamilton,yes
330,-0.000874127624530935,-222.7427427427427,353.0997664330998,Female,English,Electrical,Calagary,yes
331,-209.89857871844282,-222.7427427427427,-126.90023356690025,Female,English,Electrical,Hamilton,NO
332,-29.50935716155663,-172.74274274274273,139.7664330997664,Male,French,Math,Vancour,yes
333,-222.37362861864244,192.25725725725732,-326.9002335669002,Female,English,Physics,Quebec,NO
334,-0.000874127624530935,27.257257257257272,46.43309976643309,Female,English,Math,Quebec,NO
335,-128.81075436714545,-47.74274274274273,-113.56690023356693,Female,English,CS,Calagary,yes
336,-0.000874127624530935,27.257257257257272,59.766433099766424,Female,English,Physics,Hamilton,yes
337,-122.57322941704567,77.25725725725728,-260.23356690023354,Male,French,CS,Kitchener,NO
338,-161.99438710167638,332.2572572572573,-260.23356690023354,Male,English,Bio,Vancour,yes
339,-0.000874127624530935,-7.742742742742692,153.09976643309975,Male,Other,Math,Ottawa,yes
340,286.1094053134932,27.257257257257272,-100.23356690023357,Male,English,astronomy,Calagary,yes
341,91.24912587237549,27.257257257257272,-6.900233566900245,Male,English,Math,Winnipeg,yes
342,-0.000874127624530935,-322.74274274274273,459.76643309976646,Male,English,Math,Kitchener,yes
343,-85.14807971644686,82.25725725725725,-113.56690023356693,Female,English,astronomy,Ottawa,yes
344,-0.000874127624530935,27.257257257257272,553.0997664330997,Male,English,Electrical,Quebec,yes
345,-172.47342901784407,77.25725725725728,-273.5669002335669,Female,English,Chemical,Ottawa,yes
346,-0.000874127624530935,-122.74274274274273,326.4330997664331,Male,English,Music,Vancour,NO
347,106.21918575261503,-22.742742742742728,-113.56690023356693,Female,Other,Bio,Winnipeg,yes
348,-0.000874127624530935,282.2572572572573,233.09976643309977,Male,English,Music,Ottawa,NO
349,-0.000874127624530935,-222.7427427427427,526.4330997664331,Male,English,CS,Ottawa,yes
350,-0.000874127624530935,-22.742742742742728,73.09976643309976,Female,French,Music,Hamilton,yes
351,-0.000874127624530935,27.257257257257272,-220.23356690023357,Female,English,Math,Winnipeg,NO
352,-0.000874127624530935,-22.742742742742728,-246.90023356690023,Female,English,Music,Hamilton,yes
353,190.30102207996026,377.25725725725727,-86.90023356690024,Male,English,Chemical,Calagary,NO
354,-0.000874127624530935,-122.74274274274273,46.43309976643309,Female,English,Physics,Kitchener,NO
355,12.656311501118001,377.25725725725727,-140.2335669002336,Female,English,Math,Winnipeg,yes
356,-0.000874127624530935,277.25725725725727,193.09976643309975,Male,English,Electrical,Edmonton,NO
357,-164.2398960837123,-122.74274274274273,259.76643309976646,Female,English,Math,Winnipeg,NO
358,26.129365393333593,277.25725725725727,-260.23356690023354,Female,English,Bio,Vancour,yes
359,-0.000874127624530935,-222.7427427427427,286.4330997664331,Female,French,CS,Calagary,NO
360,70.54054303804409,-122.74274274274273,153.09976643309975,Male,English,CS,Edmonton,NO
361,-0.000874127624530935,2.2572572572572724,-33.56690023356691,Female,English,Music,Winnipeg,yes
362,-85.14807971644686,77.25725725725728,-100.23356690023357,Female,English,Math,Quebec,NO
363,334.01359693025967,-117.74274274274273,179.7664330997664,Male,English,astronomy,Edmonton,yes
364,-0.000874127624530935,-22.742742742742728,366.4330997664331,Male,English,Chemical,Quebec,NO
365,483.21519373664694,302.25725725725727,19.76643309976642,Male,English,Physics,Ottawa,NO
366,-65.18799987612748,2.2572572572572724,-233.56690023356688,Female,English,Bio,Kitchener,yes
367,-197.42352881824326,317.25725725725727,-20.23356690023358,Female,English,Chemical,Ottawa,yes
368,69.29303804802421,-122.74274274274273,166.4330997664331,Female,English,Electrical,Quebec,NO
369,153.1253733773655,-22.742742742742728,-140.2335669002336,Male,English,Bio,Edmonton,NO
370,-209.89857871844282,177.25725725725727,99.76643309976643,Female,French,Music,Kitchener,yes
371,-102.61314957672629,-22.742742742742728,-20.23356690023358,Female,English,CS,Calagary,yes
372,-145.5273212334129,277.25725725725727,-86.90023356690024,Male,English,Chemical,Hamilton,yes
373,-0.000874127624530935,2.2572572572572724,-113.56690023356693,Female,Other,Electrical,Winnipeg,yes
374,-0.000874127624530935,-122.74274274274273,339.76643309976646,Female,English,Music,Calagary,NO
375,-0.000874127624530935,-222.7427427427427,299.76643309976646,Male,French,Bio,Quebec,NO
376,0.4307625989223886,267.25725725725727,-86.90023356690024,Female,English,Bio,Calagary,NO
377,-0.000874127624530935,-22.742742742742728,313.0997664330998,Female,English,CS,Edmonton,yes
378,-0.000874127624530935,-22.742742742742728,473.0997664330998,Female,English,Chemical,Hamilton,yes
379,-0.000874127624530935,-147.74274274274273,339.76643309976646,Female,English,Music,Kitchener,yes
380,-70.67702183221532,-622.7427427427427,-86.90023356690024,Female,English,Bio,Hamilton,yes
381,-0.000874127624530935,-22.742742742742728,526.4330997664331,Female,English,astronomy,Vancour,yes
382,20.141341441237735,127.25725725725727,19.76643309976642,Female,English,Chemical,Quebec,yes
383,-0.000874127624530935,-372.74274274274273,366.4330997664331,Female,English,Electrical,Edmonton,NO
384,-43.98041504578817,102.25725725725728,-206.90023356690025,Female,English,Chemical,Vancour,yes
385,-0.000874127624530935,27.257257257257272,-206.90023356690025,Female,English,Bio,Winnipeg,NO
386,-0.000874127624530935,-172.74274274274273,313.0997664330998,Male,English,Music,Edmonton,yes
387,34.61239932546932,227.2572572572573,-193.5669002335669,Female,English,Physics,Kitchener,yes
388,-172.47342901784407,27.257257257257272,-180.2335669002336,Female,English,Electrical,Kitchener,NO
389,-0.000874127624530935,-97.74274274274272,153.09976643309975,Female,English,Chemical,Edmonton,yes
390,121.68824762886247,377.25725725725727,-73.56690023356691,Female,English,Math,Winnipeg,NO
391,-0.000874127624530935,177.25725725725727,-273.5669002335669,Female,French,Chemical,Ottawa,yes
392,-0.000874127624530935,-22.742742742742728,206.4330997664331,Male,English,Chemical,Ottawa,NO
393,311.55850710990035,127.25725725725727,113.09976643309975,Male,English,Music,Winnipeg,yes
394,-209.89857871844282,-22.742742742742728,-193.5669002335669,Male,English,Bio,Edmonton,yes
395,-203.66105376834307,102.25725725725728,-260.23356690023354,Female,English,Physics,Edmonton,yes
396,-16.53530526534906,177.25725725725727,59.766433099766424,Female,English,Math,Ottawa,NO
397,-0.000874127624530935,52.25725725725728,-126.90023356690025,Male,French,astronomy,Hamilton,yes
398,50.82996419572876,227.2572572572573,-60.233566900233576,Female,English,Bio,Kitchener,yes
399,-0.000874127624530935,27.257257257257272,286.4330997664331,Male,English,Bio,Hamilton,NO
400,14.65231948514994,202.25725725725727,19.76643309976642,Female,English,Math,Quebec,yes
401,-7.802770335209348,152.25725725725727,-286.9002335669002,Female,English,Bio,Ottawa,yes
402,-0.000874127624530935,-222.7427427427427,233.09976643309977,Female,Other,astronomy,Quebec,NO
403,-159.99837911764445,-122.74274274274273,-233.56690023356688,Male,English,Bio,Edmonton,NO
404,-95.12811963660654,-7.742742742742692,-220.23356690023357,Female,English,Bio,Quebec,NO
405,-0.000874127624530935,77.25725725725728,19.76643309976642,Male,French,Electrical,Calagary,NO
406,26.628367389341566,-22.742742742742728,-153.5669002335669,Male,English,Math,Kitchener,NO
407,-0.000874127624530935,52.25725725725728,193.09976643309975,Male,English,Music,Hamilton,yes
408,-0.000874127624530935,77.25725725725728,-20.23356690023358,Female,English,Electrical,Edmonton,yes
409,-0.000874127624530935,-172.74274274274273,286.4330997664331,Male,English,CS,Edmonton,NO
410,286.1094053134932,227.2572572572573,99.76643309976643,Male,English,Math,Edmonton,yes
411,-143.78081424738497,77.25725725725728,-60.233566900233576,Female,English,Music,Calagary,NO
412,-0.000874127624530935,-72.74274274274272,299.76643309976646,Female,English,astronomy,Quebec,yes
413,198.03555301808407,377.25725725725727,-6.900233566900245,Male,English,Math,Ottawa,yes
414,-120.32772043500974,2.2572572572572724,-206.90023356690025,Female,English,Math,Quebec,NO
415,-0.000874127624530935,2.2572572572572724,393.0997664330998,Female,English,Math,Quebec,yes
416,-190.1879998761275,-22.742742742742728,-326.9002335669002,Female,English,Bio,Winnipeg,yes
417,-9.050275325229281,327.25725725725727,-6.900233566900245,Male,Other,Electrical,Winnipeg,yes
418,-222.37362861864244,27.257257257257272,-340.23356690023354,Female,English,Bio,Edmonton,NO
419,-264.78879827932104,-122.74274274274273,-140.2335669002336,Male,Other,Chemical,Hamilton,yes
420,-0.000874127624530935,-92.74274274274275,-273.5669002335669,Female,English,Music,Kitchener,NO
421,-0.000874127624530935,-222.7427427427427,86.43309976643309,Male,Other,Math,Hamilton,yes
422,147.63635142127762,377.25725725725727,-113.56690023356693,Female,English,Chemical,Calagary,NO
423,189.0535170899403,2.2572572572572724,86.43309976643309,Female,English,astronomy,Winnipeg,yes
424,21.638347429261746,177.25725725725727,-273.5669002335669,Male,English,Math,Hamilton,NO
425,-209.89857871844282,-22.742742742742728,-353.5669002335669,Male,English,CS,Winnipeg,NO
426,-0.000874127624530935,277.25725725725727,326.4330997664331,Male,English,astronomy,Calagary,NO
427,428.57447517377267,177.25725725725727,73.09976643309976,Female,English,Bio,Calagary,yes
428,-153.76085416754466,-172.74274274274273,-260.23356690023354,Male,Other,CS,Edmonton,NO
429,-209.89857871844282,27.257257257257272,-340.23356690023354,Male,English,Electrical,Winnipeg,yes
430,142.39683046319388,227.2572572572573,-20.23356690023358,Female,English,CS,Vancour,NO
431,-0.000874127624530935,-122.74274274274273,486.4330997664331,Male,English,Chemical,Edmonton,NO
432,254.1732775689823,-7.742742742742692,-153.5669002335669,Female,French,Electrical,Quebec,NO
433,64.55251908594833,27.257257257257272,-6.900233566900245,Male,French,Music,Calagary,NO
434,112.95571269872282,-22.742742742742728,-180.2335669002336,Female,Other,Physics,Calagary,yes
435,150.13136140131758,-22.742742742742728,233.09976643309977,Female,English,Physics,Calagary,yes
436,-239.83869847892188,77.25725725725728,-153.5669002335669,Male,English,Bio,Kitchener,NO
437,-0.000874127624530935,-122.74274274274273,366.4330997664331,Male,English,CS,Kitchener,yes
438,56.318986151816645,27.257257257257272,-33.56690023356691,Female,English,Music,Quebec,NO
439,14.65231948514994,27.257257257257272,-20.23356690023358,Female,English,Math,Hamilton,yes
440,-0.000874127624530935,-22.742742742742728,99.76643309976643,Male,English,Math,Edmonton,NO
441,103.97367677057903,27.257257257257272,-86.90023356690024,Male,English,Physics,Vancour,NO
442,-0.000874127624530935,-172.74274274274273,259.76643309976646,Male,English,astronomy,Edmonton,yes
443,5.919784555010228,77.25725725725728,59.766433099766424,Male,English,Bio,Quebec,yes
444,0.18126160091840193,77.25725725725728,-286.9002335669002,Male,English,Math,Edmonton,NO
445,-209.89857871844282,27.257257257257272,33.09976643309976,Female,English,Bio,Edmonton,NO
446,-103.36165257073827,-147.74274274274273,-140.2335669002336,Female,English,Chemical,Ottawa,NO
447,360.7102037166868,-7.742742742742692,-73.56690023356691,Female,,Music,Calagary,yes
448,-10.297780315249259,-72.74274274274272,-126.90023356690025,Male,English,Math,Ottawa,NO
449,301.5784671897407,-122.74274274274273,59.766433099766424,Female,English,Music,Quebec,NO
450,-0.000874127624530935,-222.7427427427427,219.76643309976643,Female,Other,Music,Calagary,NO
451,-0.000874127624530935,-222.7427427427427,473.0997664330998,Male,English,Math,Hamilton,NO
452,-209.89857871844282,-222.7427427427427,73.09976643309976,Female,English,Physics,Kitchener,NO
453,-0.000874127624530935,-172.74274274274273,-46.90023356690024,Female,English,Physics,Winnipeg,yes
454,352.2271697845511,227.2572572572573,-6.900233566900245,Female,English,Physics,Ottawa,yes
455,-85.89658271045882,-347.74274274274273,-206.90023356690025,Male,Other,Bio,Ottawa,NO
456,-159.99837911764445,-172.74274274274273,-193.5669002335669,Male,Other,Chemical,Winnipeg,NO
457,-0.000874127624530935,-372.74274274274273,99.76643309976643,Female,Other,astronomy,Winnipeg,yes
458,254.1732775689823,27.257257257257272,206.4330997664331,Male,English,Physics,Vancour,yes
459,4.672279564990251,27.257257257257272,-100.23356690023357,Male,English,Math,Edmonton,NO
460,-0.000874127624530935,-222.7427427427427,379.76643309976646,Female,English,Chemical,Winnipeg,yes
461,-110.09817951684606,-422.74274274274273,126.43309976643307,Male,Other,Electrical,Kitchener,NO
462,-0.000874127624530935,-222.7427427427427,99.76643309976643,Female,French,Music,Edmonton,NO
463,-103.86065456674626,-22.742742742742728,-126.90023356690025,Male,English,Electrical,Quebec,yes
464,436.55850710990023,277.25725725725727,-20.23356690023358,Female,English,Music,Hamilton,NO
465,-30.257860155568633,77.25725725725728,-100.23356690023357,Male,English,Music,Edmonton,NO
466,-0.000874127624530935,-122.74274274274273,6.433099766433088,Male,English,Physics,Calagary,NO
467,-213.6410936885027,27.257257257257272,-326.9002335669002,Male,English,Math,Winnipeg,NO
468,334.01359693025967,377.25725725725727,-6.900233566900245,Male,English,Math,Kitchener,NO
469,-217.38360865856265,-22.742742742742728,-193.5669002335669,Male,English,Chemical,Hamilton,yes
470,671.0894452336529,-7.742742742742692,206.4330997664331,Male,,astronomy,Vancour,yes
471,-219.37961664259453,-122.74274274274273,-366.9002335669002,Female,English,astronomy,Quebec,NO
472,-0.000874127624530935,2.2572572572572724,-46.90023356690024,Female,English,CS,Kitchener,yes
473,-0.000874127624530935,102.25725725725728,86.43309976643309,Female,English,CS,Kitchener,NO
474,327.5265709821559,127.25725725725727,-166.90023356690025,Female,English,Music,Vancour,NO
475,171.0894452336529,327.25725725725727,73.09976643309976,Male,English,Music,Quebec,NO
476,381.9177885470261,377.25725725725727,-60.233566900233576,Male,French,Music,Kitchener,yes
477,-0.000874127624530935,-222.7427427427427,553.0997664330997,Female,English,Physics,Edmonton,yes
478,273.88385641129764,277.25725725725727,-153.5669002335669,Female,English,Chemical,Quebec,yes
479,445.79004403604813,202.25725725725727,-73.56690023356691,Male,English,Math,Kitchener,NO
480,-225.86664259069838,102.25725725725728,-286.9002335669002,Male,English,Electrical,Vancour,NO
481,-0.000874127624530935,277.25725725725727,-33.56690023356691,Female,Other,Physics,Ottawa,NO
482,-0.000874127624530935,-172.74274274274273,139.7664330997664,Female,French,Chemical,Edmonton,yes
483,-63.690993888103556,27.257257257257272,-193.5669002335669,Female,English,Music,Hamilton,NO
484,71.78804802806408,102.25725725725728,-113.56690023356693,Male,English,Physics,Vancour,NO
485,-45.22792003580815,177.25725725725727,-220.23356690023357,Female,English,Bio,Quebec,NO
486,70.79004403604813,227.2572572572573,-220.23356690023357,Female,English,Music,Quebec,NO
487,30.121381361397464,-172.74274274274273,-166.90023356690025,Female,French,Physics,Winnipeg,yes
488,-0.000874127624530935,277.25725725725727,-273.5669002335669,Female,English,Chemical,Hamilton,NO
489,-0.000874127624530935,-272.74274274274273,179.7664330997664,Female,English,Music,Vancour,NO
490,-226.1161435887023,-117.74274274274273,-366.9002335669002,Female,English,Math,Vancour,yes
491,-0.000874127624530935,127.25725725725727,46.43309976643309,Male,Other,Chemical,Calagary,NO
492,9.412798527066085,-7.742742742742692,-33.56690023356691,Male,English,Music,Hamilton,NO
493,159.61239932546926,27.257257257257272,-100.23356690023357,Male,Other,Bio,Ottawa,NO
494,-0.000874127624530935,27.257257257257272,-300.23356690023354,Male,English,Physics,Winnipeg,NO
495,-205.15805975636698,27.257257257257272,-353.5669002335669,Female,English,Chemical,Vancour,NO
496,-0.000874127624530935,-297.74274274274273,313.0997664330998,Male,Other,CS,Ottawa,yes
497,254.1732775689823,277.25725725725727,-33.56690023356691,Female,English,Math,Hamilton,yes
498,89.50261888634753,-72.74274274274272,-46.90023356690024,Female,English,Bio,Ottawa,yes
499,-0.000874127624530935,-22.742742742742728,526.4330997664331,Male,English,Bio,Winnipeg,NO
500,-0.000874127624530935,-222.7427427427427,-353.5669002335669,Female,English,astronomy,Winnipeg,yes
501,-58.4514729300197,177.25725725725727,-6.900233566900245,Male,English,Physics,Kitchener,NO
502,-209.89857871844282,-22.742742742742728,46.43309976643309,Female,English,astronomy,Calagary,NO
503,637.406810503114,227.2572572572573,-20.23356690023358,Female,English,Electrical,Hamilton,NO
504,480.470682758603,227.2572572572573,-126.90023356690025,Female,English,Bio,Quebec,yes
505,-0.000874127624530935,-22.742742742742728,-300.23356690023354,Female,French,Bio,Edmonton,yes
506,-54.9584589579638,-7.742742742742692,-273.5669002335669,Female,English,Chemical,Kitchener,yes
507,-103.86065456674626,-97.74274274274272,153.09976643309975,Female,Other,Bio,Vancour,yes
508,214.25311788834352,102.25725725725728,126.43309976643307,Male,English,Electrical,Calagary,yes
509,-0.000874127624530935,-222.7427427427427,233.09976643309977,Female,English,Physics,Ottawa,NO
510,-209.89857871844282,77.25725725725728,6.433099766433088,Female,English,astronomy,Calagary,yes
511,380.1712815609982,77.25725725725728,73.09976643309976,Male,,Music,Calagary,NO
512,-157.50336913760455,-7.742742742742692,-340.23356690023354,Male,English,CS,Edmonton,yes
513,-0.000874127624530935,27.257257257257272,486.4330997664331,Female,English,Music,Kitchener,yes
514,190.30102207996026,52.25725725725728,73.09976643309976,Female,English,Bio,Calagary,NO
515,-0.000874127624530935,-222.7427427427427,139.7664330997664,Male,Other,Physics,Edmonton,yes
516,-0.000874127624530935,-22.742742742742728,-126.90023356690025,Male,Other,Music,Edmonton,yes
517,116.94772866678669,232.25725725725732,-166.90023356690025,Female,English,Music,Hamilton,NO
518,-37.493389097684386,277.25725725725727,-180.2335669002336,Female,English,Physics,Ottawa,yes
519,82.51659094223572,277.25725725725727,-33.56690023356691,Male,English,Bio,Vancour,yes
520,223.73415581249517,377.25725725725727,-193.5669002335669,Male,English,CS,Ottawa,NO
521,-214.1400956845107,27.257257257257272,-233.56690023356688,Female,English,CS,Winnipeg,yes
522,137.15730950511002,187.25725725725724,-246.90023356690023,Male,English,Math,Winnipeg,yes
523,-14.04029528530915,-22.742742742742728,-193.5669002335669,Female,English,Electrical,Quebec,yes
524,-0.000874127624530935,77.25725725725728,206.4330997664331,Female,English,CS,Quebec,NO
525,-28.01235117353271,2.2572572572572724,99.76643309976643,Female,English,Music,Hamilton,NO
526,-0.000874127624530935,27.257257257257272,553.0997664330997,Female,English,Chemical,Quebec,yes
527,-0.000874127624530935,-97.74274274274272,-166.90023356690025,Female,English,Math,Kitchener,NO
528,-0.000874127624530935,-272.74274274274273,206.4330997664331,Male,English,Physics,Hamilton,NO
529,-184.94847891804366,182.25725725725732,-326.9002335669002,Female,English,Math,Winnipeg,yes
530,-35.24788011564846,277.25725725725727,-100.23356690023357,Male,English,Chemical,Ottawa,NO
531,-184.94847891804366,27.257257257257272,-286.9002335669002,Male,English,CS,Calagary,yes
532,-85.14807971644686,-22.742742742742728,113.09976643309975,Female,English,astronomy,Calagary,yes
533,-0.000874127624530935,52.25725725725728,-260.23356690023354,Male,English,Bio,Edmonton,NO
534,50.33096219972078,227.2572572572573,-140.2335669002336,Male,English,Physics,Vancour,yes
535,-0.000874127624530935,277.25725725725727,486.4330997664331,Male,Other,astronomy,Quebec,yes
536,-137.79279029528914,-72.74274274274272,286.4330997664331,Female,English,astronomy,Kitchener,yes
537,-0.000874127624530935,-22.742742742742728,166.4330997664331,Female,English,Math,Ottawa,yes
538,-146.02632322942088,227.2572572572573,-273.5669002335669,Female,English,Music,Winnipeg,yes
539,-81.90456674239493,-22.742742742742728,86.43309976643309,Female,English,CS,Winnipeg,NO
540,-0.000874127624530935,-222.7427427427427,379.76643309976646,Female,Other,CS,Vancour,NO
541,-0.000874127624530935,-122.74274274274273,273.0997664330998,Male,French,Physics,Hamilton,NO
542,-10.297780315249259,-22.742742742742728,-166.90023356690025,Male,Other,CS,Ottawa,yes
543,-0.000874127624530935,-147.74274274274273,286.4330997664331,Female,English,Music,Vancour,NO
544,-264.2897962833131,127.25725725725727,-286.9002335669002,Male,English,Music,Kitchener,NO
545,62.05750910590838,27.257257257257272,6.433099766433088,Male,English,astronomy,Ottawa,NO
546,-71.42552482622729,2.2572572572572724,-126.90023356690025,Female,Other,Physics,Edmonton,NO
547,307.3169901438325,227.2572572572573,99.76643309976643,Female,English,Physics,Hamilton,NO
548,-135.04827931724526,77.25725725725728,-246.90023356690023,Female,English,CS,Ottawa,yes
549,-139.2897962833131,77.25725725725728,-100.23356690023357,Female,English,Physics,Ottawa,NO
550,-0.000874127624530935,-222.7427427427427,206.4330997664331,Female,English,astronomy,Quebec,yes
551,-0.000874127624530935,-172.74274274274273,326.4330997664331,Female,English,astronomy,Ottawa,NO
552,-0.000874127624530935,-622.7427427427427,579.7664330997665,Female,Other,astronomy,Vancour,yes
553,170.09144124163694,177.25725725725727,-46.90023356690024,Female,Other,Electrical,Quebec,NO
554,94.49263884642735,282.2572572572573,-20.23356690023358,Male,English,CS,Winnipeg,yes
555,-203.66105376834307,-22.742742742742728,-46.90023356690024,Male,English,Bio,Quebec,NO
556,-85.14807971644686,52.25725725725728,-46.90023356690024,Female,English,Physics,Hamilton,NO
557,417.8459322596009,277.25725725725727,233.09976643309977,Female,English,CS,Hamilton,NO
558,-259.79877831924125,-72.74274274274272,-380.23356690023354,Male,English,CS,Edmonton,yes
559,-0.000874127624530935,-22.742742742742728,259.76643309976646,Male,English,Bio,Ottawa,NO
560,-0.000874127624530935,-22.742742742742728,-353.5669002335669,Female,Other,astronomy,Edmonton,NO
561,222.2371498244713,177.25725725725727,-313.5669002335669,Male,English,Physics,Calagary,yes
562,-141.03630326934106,77.25725725725728,-206.90023356690025,Female,French,Chemical,Hamilton,NO
563,154.37287836738548,-72.74274274274272,46.43309976643309,Male,English,Chemical,Quebec,yes
564,-0.000874127624530935,-422.74274274274273,-153.5669002335669,Male,Other,CS,Winnipeg,NO
565,27.12736938534954,-22.742742742742728,-180.2335669002336,Female,English,Bio,Calagary,yes
566,-0.000874127624530935,-7.742742742742692,299.76643309976646,Male,Other,CS,Calagary,NO
567,-10.297780315249259,227.2572572572573,-220.23356690023357,Male,English,Music,Edmonton,NO
568,94.49263884642735,302.25725725725727,-233.56690023356688,Male,English,Math,Winnipeg,NO
569,10.660303517086062,192.25725725725732,-140.2335669002336,Male,English,Math,Vancour,NO
570,-0.000874127624530935,-112.74274274274276,-340.23356690023354,Female,English,Chemical,Hamilton,NO
571,-0.000874127624530935,2.2572572572572724,59.766433099766424,Female,English,Music,Hamilton,yes
572,-0.000874127624530935,-22.742742742742728,-140.2335669002336,Male,English,Music,Quebec,NO
573,-105.10815955676622,-197.74274274274273,46.43309976643309,Male,French,Math,Kitchener,NO
574,-0.000874127624530935,-22.742742742742728,286.4330997664331,Female,English,CS,Quebec,yes
575,-159.99837911764445,152.25725725725727,-286.9002335669002,Male,English,Physics,Calagary,NO
576,-145.02831923740493,-122.74274274274273,126.43309976643307,Female,Other,Electrical,Edmonton,NO
577,-35.24788011564846,227.2572572572573,-86.90023356690024,Female,English,Bio,Vancour,yes
578,-0.000874127624530935,-622.7427427427427,579.7664330997665,Male,Other,Chemical,Calagary,yes
579,-0.000874127624530935,27.257257257257272,153.09976643309975,Male,English,Music,Hamilton,yes
580,-0.000874127624530935,42.25725725725731,-100.23356690023357,Female,Other,Electrical,Winnipeg,yes
581,114.45271868674672,27.257257257257272,-153.5669002335669,Male,English,Physics,Edmonton,NO
582,-184.94847891804366,227.2572572572573,166.4330997664331,Female,English,Bio,Winnipeg,NO
583,-197.67302981624724,-22.742742742742728,-113.56690023356693,Female,English,Physics,Ottawa,yes
584,-180.4574609539718,42.25725725725731,-340.23356690023354,Female,Other,Bio,Winnipeg,yes
585,-0.000874127624530935,-172.74274274274273,-366.9002335669002,Male,English,CS,Vancour,yes
586,83.76409593225571,27.257257257257272,-166.90023356690025,Male,English,Electrical,Edmonton,NO
587,133.41479453505016,277.25725725725727,-6.900233566900245,Female,Other,Music,Hamilton,yes
588,273.6343554132936,-222.7427427427427,206.4330997664331,Male,Other,CS,Ottawa,NO
589,-0.000874127624530935,-222.7427427427427,246.43309976643312,Female,English,Physics,Kitchener,NO
590,-135.04827931724526,177.25725725725727,-86.90023356690024,Female,English,Chemical,Quebec,yes
591,-0.000874127624530935,-22.742742742742728,19.76643309976642,Female,English,Electrical,Vancour,yes
592,-0.000874127624530935,-122.74274274274273,-166.90023356690025,Male,English,Chemical,Ottawa,NO
593,-207.40356873840292,-172.74274274274273,-86.90023356690024,Female,Other,Chemical,Vancour,yes
594,453.77407597217586,27.257257257257272,-6.900233566900245,Male,English,Math,Hamilton,yes
595,369.9417406428345,227.2572572572573,99.76643309976643,Male,English,Electrical,Edmonton,NO
596,-0.000874127624530935,27.257257257257272,473.0997664330998,Female,English,Physics,Quebec,yes
597,-60.19797991604766,277.25725725725727,-206.90023356690025,Female,Other,Bio,Hamilton,NO
598,83.0155929382437,227.2572572572573,-46.90023356690024,Female,English,Chemical,Vancour,NO
599,-305.95646294997977,-47.74274274274273,-246.90023356690023,Female,English,Electrical,Quebec,NO
600,-103.61115356874227,-22.742742742742728,139.7664330997664,Female,English,astronomy,Vancour,NO
601,-0.000874127624530935,127.25725725725727,366.4330997664331,Female,English,Math,Ottawa,yes
602,-0.000874127624530935,-22.742742742742728,-126.90023356690025,Female,Other,Chemical,Hamilton,yes
603,-0.000874127624530935,27.257257257257272,499.76643309976646,Female,English,Music,Ottawa,yes
604,-203.66105376834307,-22.742742742742728,-326.9002335669002,Female,English,Chemical,Calagary,NO
605,-72.67302981624725,-72.74274274274272,-126.90023356690025,Female,English,Chemical,Calagary,NO
606,-164.98839907772427,-7.742742742742692,-126.90023356690025,Female,French,astronomy,Ottawa,NO
607,-0.000874127624530935,177.25725725725727,153.09976643309975,Male,English,CS,Quebec,NO
608,-0.000874127624530935,-222.7427427427427,513.0997664330997,Female,Other,Music,Winnipeg,NO
609,-25.26784019548877,227.2572572572573,233.09976643309977,Female,English,Math,Winnipeg,yes
610,-0.000874127624530935,-172.74274274274273,-100.23356690023357,Male,English,astronomy,Vancour,yes
611,-0.000874127624530935,-222.7427427427427,339.76643309976646,Female,English,astronomy,Ottawa,yes
612,-0.000874127624530935,-372.74274274274273,59.766433099766424,Female,Other,Chemical,Kitchener,NO
613,222.48665082247524,142.25725725725732,-100.23356690023357,Male,English,Math,Calagary,yes
614,-0.000874127624530935,22.25725725725729,-353.5669002335669,Female,English,Electrical,Hamilton,yes
615,-159.99837911764445,227.2572572572573,-6.900233566900245,Male,English,Physics,Winnipeg,NO
616,154.37287836738548,32.25725725725725,59.766433099766424,Female,English,Electrical,Ottawa,NO
617,-65.43750087413152,-22.742742742742728,33.09976643309976,Female,French,Physics,Edmonton,NO
618,-1.3157443871055623,-72.74274274274272,259.76643309976646,Male,English,Music,Kitchener,yes
619,-0.000874127624530935,-122.74274274274273,313.0997664330998,Male,English,CS,Edmonton,yes
620,-23.022331213452848,177.25725725725727,113.09976643309975,Female,Other,CS,Winnipeg,NO
621,-34.00037512562848,127.25725725725727,-153.5669002335669,Male,English,Math,Kitchener,yes
622,25.131361401317644,-242.74274274274276,-73.56690023356691,Male,French,astronomy,Hamilton,yes
623,-160.74688211165642,32.25725725725725,-300.23356690023354,Female,Other,Electrical,Edmonton,yes
624,-184.94847891804366,-62.742742742742756,206.4330997664331,Female,English,Physics,Quebec,yes
625,-47.72293001584806,182.25725725725732,-113.56690023356693,Female,English,Electrical,Quebec,NO
626,-0.000874127624530935,-72.74274274274272,139.7664330997664,Female,English,Physics,Edmonton,yes
627,-0.000874127624530935,-222.7427427427427,166.4330997664331,Female,Other,astronomy,Quebec,yes
628,-85.14807971644686,377.25725725725727,-206.90023356690025,Male,English,CS,Quebec,yes
629,-128.81075436714545,-12.742742742742763,-286.9002335669002,Female,English,Math,Ottawa,yes
630,299.8319602037128,177.25725725725727,139.7664330997664,Male,English,Bio,Vancour,NO
631,-0.000874127624530935,-122.74274274274273,6.433099766433088,Female,English,Chemical,Kitchener,NO
632,-0.000874127624530935,-22.742742742742728,19.76643309976642,Female,Other,astronomy,Ottawa,NO
633,-0.000874127624530935,-122.74274274274273,246.43309976643312,Male,English,Chemical,Kitchener,NO
634,-0.000874127624530935,127.25725725725727,139.7664330997664,Female,English,Chemical,Calagary,yes
635,-102.1141475807183,252.2572572572573,-140.2335669002336,Male,English,Music,Vancour,NO
636,8.913796531058113,2.2572572572572724,-153.5669002335669,Male,English,Chemical,Quebec,NO
637,-0.000874127624530935,-7.742742742742692,-246.90023356690023,Female,,Physics,Hamilton,NO
638,-0.000874127624530935,-7.742742742742692,113.09976643309975,Male,,astronomy,Quebec,yes
639,-113.34169249089796,77.25725725725728,-126.90023356690025,Male,English,Physics,Hamilton,NO
640,-0.000874127624530935,-222.7427427427427,539.7664330997665,Female,English,Math,Hamilton,yes
641,-102.86265057473032,-122.74274274274273,-86.90023356690024,Female,English,astronomy,Calagary,NO
642,334.01359693025967,-22.742742742742728,139.7664330997664,Male,English,CS,Vancour,yes
643,-0.000874127624530935,-22.742742742742728,-153.5669002335669,Female,English,Bio,Quebec,yes
644,-199.66903780027917,27.257257257257272,-326.9002335669002,Male,English,astronomy,Quebec,NO
645,-10.297780315249259,27.257257257257272,-166.90023356690025,Male,English,Math,Quebec,yes
646,-133.80077432722527,-22.742742742742728,-286.9002335669002,Female,French,astronomy,Edmonton,yes
647,-0.000874127624530935,127.25725725725727,-286.9002335669002,Female,English,Music,Vancour,yes
648,-207.9025707344109,177.25725725725727,-233.56690023356688,Male,English,CS,Vancour,yes
649,71.53854703006013,182.25725725725732,-100.23356690023357,Male,English,astronomy,Vancour,yes
650,-209.89857871844282,-7.742742742742692,-380.23356690023354,Male,,CS,Ottawa,yes
651,-0.000874127624530935,-72.74274274274272,313.0997664330998,Female,Other,Math,Winnipeg,NO
652,-97.62312961664645,52.25725725725728,-233.56690023356688,Male,English,Math,Calagary,yes
653,14.65231948514994,127.25725725725727,19.76643309976642,Female,English,Electrical,Hamilton,NO
654,-10.297780315249259,152.25725725725727,-260.23356690023354,Female,English,Music,Ottawa,NO
655,-85.14807971644686,27.257257257257272,33.09976643309976,Female,English,CS,Calagary,yes
656,-181.70496594399174,-122.74274274274273,86.43309976643309,Female,English,Chemical,Calagary,NO
657,89.50261888634753,-222.7427427427427,113.09976643309975,Male,English,CS,Quebec,NO
658,-0.000874127624530935,-222.7427427427427,126.43309976643307,Male,Other,CS,Ottawa,yes
659,-209.89857871844282,302.25725725725727,-246.90023356690023,Female,English,Electrical,Quebec,NO
660,-0.000874127624530935,27.257257257257272,113.09976643309975,Female,English,Chemical,Quebec,NO
661,-0.000874127624530935,-222.7427427427427,-326.9002335669002,Male,English,Chemical,Quebec,NO
662,-0.000874127624530935,27.257257257257272,339.76643309976646,Female,French,Music,Quebec,yes
663,-0.000874127624530935,-222.7427427427427,393.0997664330998,Male,English,Math,Calagary,yes
664,-169.72891803980013,-22.742742742742728,139.7664330997664,Female,English,CS,Vancour,NO
665,200.78006399612798,277.25725725725727,59.766433099766424,Female,English,Music,Winnipeg,NO
666,-236.59518550487,-97.74274274274272,-220.23356690023357,Female,French,Math,Quebec,NO
667,-0.000874127624530935,-7.742742742742692,353.0997664330998,Female,English,Physics,Kitchener,NO
668,-0.000874127624530935,-72.74274274274272,-100.23356690023357,Female,English,Electrical,Edmonton,yes
669,108.21519373664692,247.2572572572572,-20.23356690023358,Male,English,Math,Quebec,yes
670,-204.90855875836303,227.2572572572573,-286.9002335669002,Female,English,Chemical,Vancour,yes
671,-49.21993600387202,-92.74274274274275,-86.90023356690024,Female,English,Bio,Winnipeg,yes
672,2.1772695849503396,-22.742742742742728,73.09976643309976,Female,English,Physics,Hamilton,NO
673,-206.90456674239493,-22.742742742742728,-126.90023356690025,Female,English,CS,Kitchener,NO
674,-156.50536514558854,227.2572572572573,-46.90023356690024,Female,English,Math,Edmonton,yes
675,61.55850710990041,177.25725725725727,-86.90023356690024,Female,Other,Music,Quebec,NO
676,83.26509393624774,127.25725725725727,-233.56690023356688,Male,English,Physics,Vancour,NO
677,-0.000874127624530935,-7.742742742742692,-353.5669002335669,Female,English,Electrical,Winnipeg,NO
678,-0.000874127624530935,-72.74274274274272,326.4330997664331,Female,English,Music,Ottawa,yes
679,126.92776858694631,227.2572572572573,-73.56690023356691,Female,English,Music,Quebec,NO
680,-0.000874127624530935,-147.74274274274273,366.4330997664331,Male,English,Music,Winnipeg,yes
681,-0.000874127624530935,77.25725725725728,-100.23356690023357,Female,Other,Math,Edmonton,yes
682,-0.000874127624530935,27.257257257257272,139.7664330997664,Male,English,CS,Hamilton,NO
683,408.86389633145734,242.2572572572573,-46.90023356690024,Male,English,Chemical,Ottawa,yes
684,-216.13610366854263,7.257257257257254,-340.23356690023354,Female,English,Electrical,Hamilton,yes
685,-0.000874127624530935,-272.74274274274273,433.0997664330998,Female,English,astronomy,Kitchener,NO
686,-0.000874127624530935,127.25725725725727,393.0997664330998,Female,English,Math,Kitchener,yes
687,-0.000874127624530935,-122.74274274274273,59.766433099766424,Female,English,astronomy,Kitchener,NO
688,-0.000874127624530935,-22.742742742742728,-140.2335669002336,Female,English,CS,Edmonton,NO
689,-0.000874127624530935,-122.74274274274273,-380.23356690023354,Male,English,Music,Hamilton,yes
690,-0.000874127624530935,-22.742742742742728,-273.5669002335669,Male,English,Electrical,Edmonton,yes
691,-158.75087412762448,-67.74274274274275,-153.5669002335669,Female,English,Music,Hamilton,NO
692,-209.89857871844282,-72.74274274274272,-366.9002335669002,Female,English,Chemical,Quebec,NO
693,-97.62312961664645,-172.74274274274273,-100.23356690023357,Female,English,astronomy,Ottawa,yes
694,-0.000874127624530935,-122.74274274274273,-380.23356690023354,Male,English,CS,Quebec,yes
695,-110.09817951684606,-122.74274274274273,-140.2335669002336,Female,French,Music,Ottawa,yes
696,-0.000874127624530935,-72.74274274274272,553.0997664330997,Male,English,Music,Hamilton,yes
697,-114.83869847892188,-622.7427427427427,59.766433099766424,Male,Other,Chemical,Ottawa,yes
698,-116.33570446694586,-7.742742742742692,-326.9002335669002,Male,English,Bio,Hamilton,yes
699,241.19922567277462,77.25725725725728,-86.90023356690024,Male,English,Electrical,Hamilton,NO
700,-0.000874127624530935,27.257257257257272,-60.233566900233576,Male,Other,Music,Hamilton,NO
701,-0.000874127624530935,27.257257257257272,-326.9002335669002,Female,English,Music,Kitchener,NO
702,-0.000874127624530935,-47.74274274274273,-33.56690023356691,Female,English,Physics,Kitchener,yes
703,-0.000874127624530935,-22.742742742742728,459.76643309976646,Male,English,Physics,Winnipeg,NO
704,-217.38360865856265,-72.74274274274272,-340.23356690023354,Male,English,astronomy,Winnipeg,NO
705,-0.000874127624530935,-122.74274274274273,419.76643309976646,Male,English,Bio,Hamilton,yes
706,-0.000874127624530935,-22.742742742742728,446.4330997664331,Female,English,Electrical,Hamilton,yes
707,-130.0582593571654,-22.742742742742728,219.76643309976643,Female,English,Electrical,Edmonton,NO
708,-0.000874127624530935,77.25725725725728,-313.5669002335669,Male,English,Electrical,Calagary,yes
709,214.25311788834352,127.25725725725727,86.43309976643309,Male,Other,CS,Edmonton,yes
710,-0.000874127624530935,-22.742742742742728,19.76643309976642,Male,English,astronomy,Quebec,yes
711,22.137349425269715,-17.742742742742745,-246.90023356690023,Male,English,Music,Vancour,NO
712,74.28305800810404,-22.742742742742728,86.43309976643309,Male,English,Physics,Kitchener,yes
713,-0.000874127624530935,-122.74274274274273,-140.2335669002336,Male,English,astronomy,Ottawa,NO
714,-294.2299160437921,27.257257257257272,166.4330997664331,Male,French,Music,Calagary,yes
715,-0.000874127624530935,-172.74274274274273,153.09976643309975,Female,English,CS,Calagary,NO
716,214.25311788834352,-72.74274274274272,179.7664330997664,Male,English,Chemical,Calagary,NO
717,-0.000874127624530935,77.25725725725728,-126.90023356690025,Female,French,Math,Hamilton,NO
718,14.65231948514994,2.2572572572572724,-6.900233566900245,Female,English,Bio,Hamilton,NO
719,-22.772830215448856,7.257257257257254,-113.56690023356693,Female,English,Bio,Hamilton,yes
720,-0.000874127624530935,-172.74274274274273,579.7664330997665,Male,English,Math,Kitchener,NO
721,-0.000874127624530935,-222.7427427427427,-273.5669002335669,Female,English,astronomy,Ottawa,yes
722,184.56249912586844,-222.7427427427427,6.433099766433088,Male,Other,Math,Quebec,yes
723,93.99363685041938,-22.742742742742728,-166.90023356690025,Male,English,CS,Hamilton,NO
724,-0.000874127624530935,-222.7427427427427,393.0997664330998,Male,English,Music,Hamilton,yes
725,-184.94847891804366,-72.74274274274272,-73.56690023356691,Female,English,Physics,Edmonton,yes
726,-43.23191205177621,-22.742742742742728,-100.23356690023357,Male,English,CS,Quebec,yes
727,-0.000874127624530935,277.25725725725727,-6.900233566900245,Female,English,Physics,Quebec,yes
728,-0.000874127624530935,-22.742742742742728,-166.90023356690025,Male,Other,Chemical,Winnipeg,NO
729,-0.000874127624530935,77.25725725725728,-180.2335669002336,Male,English,astronomy,Quebec,yes
730,-0.000874127624530935,127.25725725725727,-273.5669002335669,Male,English,Electrical,Hamilton,NO
731,-149.5193372014768,2.2572572572572724,59.766433099766424,Female,Other,Bio,Calagary,yes
732,334.01359693025967,177.25725725725727,-86.90023356690024,Female,English,astronomy,Kitchener,NO
733,-0.000874127624530935,-72.74274274274272,6.433099766433088,Female,Other,astronomy,Calagary,NO
734,-0.000874127624530935,-222.7427427427427,326.4330997664331,Male,English,CS,Calagary,yes
735,334.01359693025967,77.25725725725728,126.43309976643307,Female,English,Math,Winnipeg,NO
736,-0.000874127624530935,52.25725725725728,46.43309976643309,Female,English,Music,Hamilton,NO
737,145.14134144123776,127.25725725725727,-100.23356690023357,Male,English,CS,Vancour,NO
738,225.73016379652717,27.257257257257272,-166.90023356690025,Female,English,astronomy,Vancour,NO
739,-0.000874127624530935,-212.74274274274276,-166.90023356690025,Female,English,CS,Winnipeg,NO
740,-0.000874127624530935,177.25725725725727,193.09976643309975,Female,English,Bio,Calagary,NO
741,-0.000874127624530935,27.257257257257272,-20.23356690023358,Female,English,Math,Hamilton,yes
742,14.65231948514994,2.2572572572572724,-46.90023356690024,Male,English,Physics,Edmonton,yes
743,-0.000874127624530935,52.25725725725728,-140.2335669002336,Male,English,Physics,Ottawa,yes
744,-0.000874127624530935,-122.74274274274273,126.43309976643307,Female,English,Chemical,Winnipeg,yes
745,-0.000874127624530935,27.257257257257272,33.09976643309976,Male,English,Math,Winnipeg,yes
746,-0.000874127624530935,107.25725725725727,-326.9002335669002,Male,English,Math,Kitchener,NO
747,41.348926271577085,77.25725725725728,-166.90023356690025,Female,English,Math,Vancour,NO
748,-0.000874127624530935,-22.742742742742728,-60.233566900233576,Female,French,Physics,Vancour,NO
749,563.5545150939323,227.2572572572573,19.76643309976642,Male,English,Electrical,Quebec,NO
750,-0.000874127624530935,-72.74274274274272,-366.9002335669002,Male,English,Physics,Calagary,NO
751,116.94772866678669,77.25725725725728,-33.56690023356691,Male,French,Chemical,Vancour,NO
752,69.29303804802421,-22.742742742742728,73.09976643309976,Female,French,Chemical,Quebec,NO
753,-184.94847891804366,27.257257257257272,-100.23356690023357,Female,English,Physics,Kitchener,NO
754,-0.000874127624530935,-272.74274274274273,73.09976643309976,Female,English,Electrical,Kitchener,NO
755,-209.89857871844282,27.257257257257272,-286.9002335669002,Male,,Math,Winnipeg,yes
756,-0.000874127624530935,-277.74274274274273,153.09976643309975,Female,French,Math,Quebec,NO
757,-0.000874127624530935,-22.742742742742728,193.09976643309975,Female,English,Bio,Quebec,NO
758,-0.000874127624530935,-172.74274274274273,-246.90023356690023,Female,English,Music,Hamilton,yes
759,-0.000874127624530935,-122.74274274274273,166.4330997664331,Male,English,Physics,Kitchener,yes
760,310.06150112187646,242.2572572572573,-46.90023356690024,Female,English,astronomy,Quebec,NO
761,-0.000874127624530935,27.257257257257272,-60.233566900233576,Male,English,CS,Calagary,yes
762,54.32297816778467,-172.74274274274273,219.76643309976643,Male,English,Electrical,Kitchener,NO
763,-0.000874127624530935,27.257257257257272,33.09976643309976,Female,English,CS,Calagary,yes
764,-0.000874127624530935,-7.742742742742692,33.09976643309976,Male,English,Electrical,Hamilton,yes
765,-209.89857871844282,82.25725725725725,-340.23356690023354,Male,English,Chemical,Edmonton,NO
766,-0.000874127624530935,227.2572572572573,153.09976643309975,Female,French,Chemical,Vancour,yes
767,-1.3157443871055623,-72.74274274274272,6.433099766433088,Male,English,Bio,Hamilton,yes
768,-0.000874127624530935,52.25725725725728,339.76643309976646,Female,English,astronomy,Quebec,yes
769,-0.000874127624530935,127.25725725725727,-100.23356690023357,Male,English,Bio,Ottawa,yes
770,-35.24788011564846,-222.7427427427427,259.76643309976646,Male,English,Math,Vancour,yes
771,-0.000874127624530935,-72.74274274274272,139.7664330997664,Male,English,Bio,Calagary,NO
772,-10.297780315249259,27.257257257257272,-140.2335669002336,Male,English,Physics,Calagary,yes
773,-45.477421033812135,82.25725725725725,-206.90023356690025,Female,English,Physics,Hamilton,yes
774,-0.000874127624530935,202.25725725725727,-206.90023356690025,Male,English,Physics,Edmonton,NO
775,-0.000874127624530935,-222.7427427427427,339.76643309976646,Male,Other,astronomy,Edmonton,yes
776,-0.000874127624530935,377.25725725725727,566.4330997664331,Female,English,Bio,Edmonton,NO
777,-0.000874127624530935,-122.74274274274273,33.09976643309976,Male,Other,Chemical,Kitchener,NO
778,-145.02831923740493,-122.74274274274273,-366.9002335669002,Female,English,Bio,Quebec,yes
779,-0.000874127624530935,-122.74274274274273,113.09976643309975,Female,English,Music,Vancour,NO
780,39.60241928554914,-47.74274274274273,-140.2335669002336,Male,English,Chemical,Winnipeg,yes
781,-147.52332921744485,-472.74274274274273,233.09976643309977,Female,Other,CS,Kitchener,NO
782,52.07746918574874,-22.742742742742728,-20.23356690023358,Female,French,Math,Quebec,NO
783,59.81200012387246,27.257257257257272,-140.2335669002336,Male,French,CS,Ottawa,yes
784,-205.90656275037895,67.25725725725731,-313.5669002335669,Male,English,Electrical,Ottawa,yes
785,-241.08620346894182,-22.742742742742728,-366.9002335669002,Female,English,Bio,Calagary,NO
786,-0.000874127624530935,127.25725725725727,-313.5669002335669,Female,Other,astronomy,Hamilton,NO
787,-0.000874127624530935,-72.74274274274272,-313.5669002335669,Female,English,Math,Edmonton,yes
788,-10.297780315249259,27.257257257257272,259.76643309976646,Female,English,Bio,Kitchener,NO
789,-143.78081424738497,2.2572572572572724,113.09976643309975,Female,English,CS,Winnipeg,yes
790,65.55052307796429,127.25725725725727,-193.5669002335669,Male,English,Chemical,Hamilton,NO
791,-0.000874127624530935,227.2572572572573,393.0997664330998,Male,English,Electrical,Vancour,NO
792,307.81599213984055,177.25725725725727,-113.56690023356693,Male,English,Math,Winnipeg,yes
793,-0.000874127624530935,-147.74274274274273,-153.5669002335669,Male,English,Bio,Quebec,NO
794,-0.000874127624530935,-22.742742742742728,-100.23356690023357,Male,English,astronomy,Calagary,NO
795,-0.000874127624530935,-22.742742742742728,366.4330997664331,Female,English,Electrical,Winnipeg,NO
796,-1.3157443871055623,-22.742742742742728,-46.90023356690024,Female,English,Bio,Edmonton,yes
797,112.20720970471082,27.257257257257272,33.09976643309976,Female,English,Bio,Winnipeg,NO
798,-85.14807971644686,-272.74274274274273,-86.90023356690024,Male,Other,astronomy,Vancour,NO
799,-0.000874127624530935,27.257257257257272,233.09976643309977,Female,Other,Music,Vancour,yes
800,-0.000874127624530935,127.25725725725727,73.09976643309976,Male,English,Music,Hamilton,NO
801,-294.9784190378041,57.25725725725725,-313.5669002335669,Female,English,Bio,Ottawa,NO
802,-204.90855875836303,-72.74274274274272,-353.5669002335669,Male,English,CS,Calagary,yes
803,-60.19797991604766,127.25725725725727,-300.23356690023354,Male,English,Electrical,Edmonton,NO
804,-209.89857871844282,-147.74274274274273,-233.56690023356688,Female,Other,Electrical,Ottawa,yes
805,-0.000874127624530935,-222.7427427427427,433.0997664330998,Female,English,Math,Kitchener,NO
806,-71.1760238282233,127.25725725725727,-273.5669002335669,Male,English,CS,Edmonton,NO
807,-0.000874127624530935,77.25725725725728,-246.90023356690023,Female,English,Chemical,Quebec,yes
808,-0.000874127624530935,-197.74274274274273,353.0997664330998,Female,Other,Music,Quebec,NO
809,-0.000874127624530935,177.25725725725727,-126.90023356690025,Male,Other,Music,Calagary,yes
810,-128.06225137313348,-7.742742742742692,-220.23356690023357,Female,French,Chemical,Vancour,yes
811,-0.000874127624530935,77.25725725725728,-286.9002335669002,Female,English,Chemical,Quebec,NO
812,-125.31774039508954,-7.742742742742692,-6.900233566900245,Female,English,astronomy,Ottawa,NO
813,-0.000874127624530935,127.25725725725727,6.433099766433088,Male,English,Music,Quebec,yes
814,-0.000874127624530935,-72.74274274274272,-100.23356690023357,Male,French,Physics,Quebec,NO
815,-0.000874127624530935,-22.742742742742728,353.0997664330998,Male,English,Bio,Hamilton,yes
816,-223.87063460666639,-272.74274274274273,126.43309976643307,Female,French,Music,Winnipeg,yes
817,-0.000874127624530935,-7.742742742742692,406.4330997664331,Male,Other,Electrical,Winnipeg,yes
818,-0.000874127624530935,-72.74274274274272,219.76643309976643,Female,English,Math,Vancour,NO
819,-135.04827931724526,202.25725725725727,-86.90023356690024,Male,English,Electrical,Ottawa,yes
820,-0.000874127624530935,-222.7427427427427,313.0997664330998,Male,Other,Electrical,Ottawa,yes
821,-0.000874127624530935,-22.742742742742728,339.76643309976646,Male,French,Math,Hamilton,yes
822,-47.972431013852045,-97.74274274274272,-100.23356690023357,Female,English,Chemical,Kitchener,yes
823,-238.59119348890192,27.257257257257272,-340.23356690023354,Male,English,Electrical,Ottawa,NO
824,181.81798814782456,12.257257257257237,-20.23356690023358,Male,English,CS,Quebec,yes
825,-58.4514729300197,327.25725725725727,-33.56690023356691,Male,English,CS,Winnipeg,NO
826,-0.000874127624530935,177.25725725725727,-73.56690023356691,Male,English,Chemical,Calagary,NO
827,-217.38360865856265,-322.74274274274273,166.4330997664331,Female,French,Bio,Quebec,NO
828,-0.000874127624530935,2.2572572572572724,6.433099766433088,Male,English,Electrical,Quebec,NO
829,-0.000874127624530935,-77.7427427427427,-300.23356690023354,Male,English,CS,Hamilton,yes
830,-0.000874127624530935,177.25725725725727,33.09976643309976,Female,English,Physics,Quebec,yes
831,-0.000874127624530935,177.25725725725727,326.4330997664331,Male,English,astronomy,Edmonton,yes
832,-0.000874127624530935,337.25725725725727,33.09976643309976,Male,English,Chemical,Kitchener,yes
833,-0.000874127624530935,-222.7427427427427,326.4330997664331,Female,English,astronomy,Vancour,NO
834,-209.89857871844282,27.257257257257272,-340.23356690023354,Female,English,Physics,Calagary,NO
835,-0.000874127624530935,127.25725725725727,446.4330997664331,Female,English,Chemical,Edmonton,yes
836,-0.000874127624530935,277.25725725725727,286.4330997664331,Female,French,astronomy,Hamilton,NO
837,126.42876659093837,-72.74274274274272,-86.90023356690024,Female,French,Physics,Kitchener,yes
838,254.1732775689823,277.25725725725727,-166.90023356690025,Female,English,Music,Edmonton,NO
839,-191.18600386814344,27.257257257257272,126.43309976643307,Female,English,astronomy,Vancour,NO
840,-155.50736115357262,7.257257257257254,-326.9002335669002,Male,English,Music,Hamilton,yes
841,-186.9444869020756,27.257257257257272,-326.9002335669002,Female,English,Music,Winnipeg,NO
842,214.25311788834352,-7.742742742742692,-100.23356690023357,Male,English,Math,Winnipeg,NO
843,-0.000874127624530935,-122.74274274274273,-366.9002335669002,Male,English,Physics,Edmonton,NO
844,-0.000874127624530935,277.25725725725727,-46.90023356690024,Female,English,Electrical,Winnipeg,yes
845,693.2950340560081,202.25725725725727,-100.23356690023357,Male,English,CS,Hamilton,yes
846,214.25311788834352,-7.742742742742692,219.76643309976643,Male,English,astronomy,Calagary,yes
847,-0.000874127624530935,-22.742742742742728,419.76643309976646,Female,English,astronomy,Quebec,NO
848,-0.000874127624530935,-122.74274274274273,539.7664330997665,Female,English,astronomy,Kitchener,NO
849,83.0155929382437,177.25725725725727,-206.90023356690025,Female,English,CS,Winnipeg,NO
850,188.80401609193635,127.25725725725727,-113.56690023356693,Female,Other,Electrical,Ottawa,yes
851,-34.24987612363251,-172.74274274274273,219.76643309976643,Female,English,CS,Ottawa,NO
852,-13.291792291297146,27.257257257257272,-60.233566900233576,Female,English,Electrical,Hamilton,NO
853,-194.92851883820333,-172.74274274274273,166.4330997664331,Female,English,Chemical,Ottawa,yes
854,-192.9325108541714,127.25725725725727,-273.5669002335669,Female,English,Physics,Calagary,NO
855,-0.000874127624530935,-97.74274274274272,113.09976643309975,Female,Other,Bio,Hamilton,yes
856,-0.000874127624530935,-222.7427427427427,126.43309976643307,Female,Other,Music,Kitchener,NO
857,-0.000874127624530935,-72.74274274274272,326.4330997664331,Female,English,Bio,Winnipeg,NO
858,-212.39358869848274,177.25725725725727,-273.5669002335669,Female,French,Chemical,Ottawa,NO
859,-0.000874127624530935,-172.74274274274273,486.4330997664331,Male,English,Music,Ottawa,yes
860,-0.000874127624530935,277.25725725725727,139.7664330997664,Female,Other,CS,Edmonton,yes
861,-0.000874127624530935,277.25725725725727,139.7664330997664,Male,English,CS,Kitchener,NO
862,-166.23590406774426,-72.74274274274272,-140.2335669002336,Female,English,Math,Winnipeg,NO
863,-111.09618350886201,2.2572572572572724,-166.90023356690025,Female,English,Math,Edmonton,yes
864,-41.98440706175623,327.25725725725727,-46.90023356690024,Female,English,Chemical,Vancour,yes
865,289.10341728954114,127.25725725725727,46.43309976643309,Female,English,Math,Edmonton,NO
866,-0.000874127624530935,-172.74274274274273,-166.90023356690025,Male,English,CS,Hamilton,yes
867,-79.908558758363,-22.742742742742728,126.43309976643307,Female,French,Chemical,Winnipeg,NO
868,366.4487266707787,27.257257257257272,33.09976643309976,Male,English,Bio,Winnipeg,NO
869,70.54054303804409,-47.74274274274273,86.43309976643309,Male,French,Bio,Edmonton,yes
870,-0.000874127624530935,-7.742742742742692,139.7664330997664,Male,English,Math,Quebec,NO
871,-0.000874127624530935,177.25725725725727,246.43309976643312,Female,English,Physics,Edmonton,NO
872,-135.04827931724526,-22.742742742742728,-140.2335669002336,Female,Other,Bio,Quebec,NO
873,78.02557297816388,-22.742742742742728,-86.90023356690024,Male,French,astronomy,Kitchener,NO
874,-0.000874127624530935,2.2572572572572724,86.43309976643309,Female,English,Math,Winnipeg,NO
875,-0.000874127624530935,-97.74274274274272,166.4330997664331,Male,Other,astronomy,Quebec,yes
876,-0.000874127624530935,-122.74274274274273,-6.900233566900245,Female,French,Bio,Edmonton,yes
877,239.20321768874274,-72.74274274274272,206.4330997664331,Male,English,CS,Edmonton,yes
878,-0.000874127624530935,42.25725725725731,-46.90023356690024,Male,French,Chemical,Vancour,yes
879,-26.764846183512734,-22.742742742742728,-286.9002335669002,Female,English,Bio,Winnipeg,yes
880,-0.000874127624530935,-222.7427427427427,339.76643309976646,Female,Other,Math,Quebec,yes
881,-216.63510566455062,-122.74274274274273,-380.23356690023354,Female,English,Physics,Hamilton,yes
882,-188.69099388810355,-172.74274274274273,166.4330997664331,Female,English,Bio,Edmonton,yes
883,-0.000874127624530935,27.257257257257272,-220.23356690023357,Male,English,astronomy,Kitchener,NO
884,-211.3955847064668,77.25725725725728,-340.23356690023354,Male,English,Music,Kitchener,NO
885,-0.000874127624530935,-372.74274274274273,259.76643309976646,Female,English,astronomy,Winnipeg,yes
886,-33.501373129620504,12.257257257257237,153.09976643309975,Female,English,Electrical,Edmonton,yes
887,-0.000874127624530935,-197.74274274274273,-353.5669002335669,Female,English,Bio,Kitchener,NO
888,-0.000874127624530935,-147.74274274274273,153.09976643309975,Male,English,astronomy,Vancour,NO
889,-209.89857871844282,-7.742742742742692,-340.23356690023354,Female,English,Math,Hamilton,NO
890,-0.000874127624530935,-222.7427427427427,219.76643309976643,Male,English,astronomy,Winnipeg,NO
891,-0.000874127624530935,77.25725725725728,473.0997664330998,Female,English,astronomy,Calagary,NO
892,-85.14807971644686,-22.742742742742728,-113.56690023356693,Male,English,Physics,Edmonton,NO
893,-184.94847891804366,77.25725725725728,-20.23356690023358,Female,English,Electrical,Quebec,yes
894,323.035553018084,127.25725725725727,-73.56690023356691,Male,English,Music,Hamilton,yes
895,-147.77283021544883,-172.74274274274273,139.7664330997664,Female,English,Math,Winnipeg,yes
896,-9.299776323233313,27.257257257257272,153.09976643309975,Female,English,CS,Calagary,NO
897,-0.000874127624530935,-47.74274274274273,539.7664330997665,Female,English,Math,Quebec,NO
898,-0.000874127624530935,-222.7427427427427,313.0997664330998,Female,English,Bio,Winnipeg,NO
899,-0.000874127624530935,-172.74274274274273,19.76643309976642,Male,English,Bio,Winnipeg,NO
900,37.10740930550919,7.257257257257254,-33.56690023356691,Female,English,Math,Vancour,yes
901,-0.000874127624530935,27.257257257257272,-86.90023356690024,Male,English,CS,Ottawa,NO
902,297.58645122167684,117.25725725725731,-100.23356690023357,Female,English,CS,Calagary,yes
903,-183.70097392802367,-22.742742742742728,-206.90023356690025,Female,English,Chemical,Kitchener,yes
904,-0.000874127624530935,107.25725725725727,-180.2335669002336,Female,English,Chemical,Vancour,NO
905,-41.23590406774427,-7.742742742742692,-206.90023356690025,Male,English,CS,Kitchener,yes
906,-0.000874127624530935,-222.7427427427427,286.4330997664331,Male,English,Bio,Vancour,NO
907,-135.04827931724526,127.25725725725727,-206.90023356690025,Male,English,Bio,Calagary,NO
908,94.49263884642735,177.25725725725727,-193.5669002335669,Female,Other,Music,Quebec,NO
909,-0.000874127624530935,-222.7427427427427,593.0997664330997,Male,English,Math,Winnipeg,NO
910,-244.8287184390017,-22.742742742742728,-206.90023356690025,Female,English,Music,Vancour,yes
911,-0.000874127624530935,327.25725725725727,59.766433099766424,Male,Other,CS,Hamilton,NO
912,-0.000874127624530935,-122.74274274274273,59.766433099766424,Female,French,Chemical,Vancour,yes
913,-0.000874127624530935,-22.742742742742728,-140.2335669002336,Female,English,Bio,Calagary,NO
914,-0.000874127624530935,-22.742742742742728,-353.5669002335669,Female,French,Electrical,Hamilton,yes
915,-0.000874127624530935,-22.742742742742728,-73.56690023356691,Female,English,Math,Hamilton,yes
916,-101.11614358870236,-22.742742742742728,86.43309976643309,Male,English,Bio,Ottawa,yes
917,26.628367389341566,-7.742742742742692,-100.23356690023357,Male,English,Bio,Vancour,NO
918,-0.000874127624530935,327.25725725725727,153.09976643309975,Female,English,Music,Edmonton,NO
919,88.00561289832362,177.25725725725727,-166.90023356690025,Female,English,astronomy,Winnipeg,yes
920,-149.2698362034728,-72.74274274274272,-313.5669002335669,Male,English,Music,Ottawa,NO
921,69.79204004403219,-22.742742742742728,6.433099766433088,Female,English,Math,Ottawa,NO
922,-0.000874127624530935,17.257257257257308,6.433099766433088,Female,English,Music,Edmonton,NO
923,135.41080251908204,67.25725725725731,-73.56690023356691,Female,Other,CS,Winnipeg,yes
924,214.25311788834352,227.2572572572573,-180.2335669002336,Male,English,Music,Calagary,NO
925,-0.000874127624530935,-97.74274274274272,473.0997664330998,Male,English,Bio,Calagary,yes
926,-0.000874127624530935,-372.74274274274273,-220.23356690023357,Male,Other,Music,Kitchener,NO
927,-0.000874127624530935,-122.74274274274273,73.09976643309976,Male,French,Math,Hamilton,NO
928,310.06150112187646,277.25725725725727,113.09976643309975,Male,English,Physics,Hamilton,yes
929,477.7261717805591,-22.742742742742728,19.76643309976642,Male,English,Music,Hamilton,NO
930,-0.000874127624530935,-222.7427427427427,273.0997664330998,Female,English,CS,Winnipeg,yes
931,11.408806511098023,-97.74274274274272,6.433099766433088,Female,Other,astronomy,Ottawa,NO
932,411.35890631149715,-222.7427427427427,179.7664330997664,Male,Other,Chemical,Winnipeg,NO
933,-217.38360865856265,-72.74274274274272,-353.5669002335669,Female,English,CS,Calagary,NO
934,-0.000874127624530935,-172.74274274274273,339.76643309976646,Male,English,astronomy,Winnipeg,yes
935,-85.14807971644686,-222.7427427427427,-206.90023356690025,Male,English,astronomy,Ottawa,NO
936,-209.89857871844282,67.25725725725731,-326.9002335669002,Female,English,Math,Kitchener,yes
937,-0.000874127624530935,-17.742742742742745,86.43309976643309,Male,Other,Physics,Quebec,NO
938,-187.69298989608757,-22.742742742742728,219.76643309976643,Female,English,Chemical,Calagary,NO
939,-0.000874127624530935,-272.74274274274273,433.0997664330998,Male,English,CS,Ottawa,NO
940,-0.000874127624530935,-72.74274274274272,-246.90023356690023,Female,Other,Chemical,Kitchener,yes
941,-0.000874127624530935,177.25725725725727,179.7664330997664,Male,English,CS,Hamilton,NO
942,-139.5392972813171,-22.742742742742728,-353.5669002335669,Male,English,Physics,Winnipeg,NO
943,-217.38360865856265,377.25725725725727,-20.23356690023358,Male,English,Electrical,Edmonton,yes
944,-0.000874127624530935,152.25725725725727,-46.90023356690024,Female,English,CS,Edmonton,NO
945,-0.000874127624530935,-122.74274274274273,473.0997664330998,Female,English,Electrical,Vancour,NO
946,-0.000874127624530935,-122.74274274274273,-300.23356690023354,Male,English,Physics,Edmonton,yes
947,-0.000874127624530935,-322.74274274274273,179.7664330997664,Female,English,Math,Quebec,yes
948,-0.000874127624530935,227.2572572572573,-20.23356690023358,Male,English,Math,Winnipeg,yes
949,-209.89857871844282,-22.742742742742728,-260.23356690023354,Male,English,astronomy,Edmonton,NO
950,64.55251908594833,127.25725725725727,-246.90023356690023,Male,English,Chemical,Edmonton,yes
951,268.6443354532138,227.2572572572573,-86.90023356690024,Female,Other,Bio,Quebec,NO
952,453.77407597217586,27.257257257257272,206.4330997664331,Male,English,Math,Hamilton,yes
953,114.45271868674672,-22.742742742742728,-113.56690023356693,Male,English,Chemical,Winnipeg,NO
954,-213.6410936885027,7.257257257257254,-326.9002335669002,Female,English,Bio,Hamilton,NO
955,10.90980451509005,-72.74274274274272,-153.5669002335669,Male,French,Music,Vancour,NO
956,-0.000874127624530935,-222.7427427427427,273.0997664330998,Female,English,CS,Vancour,NO
957,162.1074093055092,-7.742742742742692,-113.56690023356693,Male,English,Physics,Winnipeg,NO
958,-0.000874127624530935,-372.74274274274273,379.76643309976646,Female,Other,Electrical,Calagary,NO
959,-0.000874127624530935,-22.742742742742728,313.0997664330998,Female,English,CS,Edmonton,yes
960,-0.000874127624530935,77.25725725725728,419.76643309976646,Male,English,astronomy,Hamilton,NO
961,-197.92253081425122,12.257257257257237,-86.90023356690024,Female,French,Music,Quebec,NO
962,317.54653106199623,177.25725725725727,153.09976643309975,Female,English,Music,Kitchener,yes
963,-0.000874127624530935,-122.74274274274273,-246.90023356690023,Male,English,Math,Kitchener,yes
964,-0.000874127624530935,-172.74274274274273,593.0997664330997,Female,English,Math,Calagary,NO
965,-0.000874127624530935,-272.74274274274273,339.76643309976646,Female,English,astronomy,Winnipeg,NO
966,-0.000874127624530935,-172.74274274274273,446.4330997664331,Female,English,Physics,Winnipeg,yes
967,-0.000874127624530935,-72.74274274274272,499.76643309976646,Female,English,Chemical,Hamilton,NO
968,-0.000874127624530935,-222.7427427427427,46.43309976643309,Female,English,CS,Ottawa,NO
969,-193.18201185217538,-372.74274274274273,233.09976643309977,Female,Other,Physics,Edmonton,yes
970,-38.24189209169634,-122.74274274274273,166.4330997664331,Male,Other,Bio,Kitchener,NO
971,50.58046319772481,-372.74274274274273,179.7664330997664,Male,Other,Bio,Ottawa,NO
972,-34.00037512562848,-97.74274274274272,179.7664330997664,Male,English,CS,Quebec,yes
973,-46.72492602383211,-22.742742742742728,153.09976643309975,Female,English,Chemical,Vancour,yes
974,110.95970471469083,2.2572572572572724,246.43309976643312,Male,French,Math,Quebec,NO
975,-0.000874127624530935,-107.74274274274269,-286.9002335669002,Male,English,CS,Hamilton,yes
976,82.51659094223572,202.25725725725727,-246.90023356690023,Male,English,Physics,Edmonton,yes
977,-0.000874127624530935,-222.7427427427427,179.7664330997664,Male,French,astronomy,Winnipeg,yes
978,-0.000874127624530935,-122.74274274274273,299.76643309976646,Male,English,astronomy,Quebec,NO
979,-0.000874127624530935,207.25725725725732,-100.23356690023357,Male,Other,Physics,Vancour,NO
980,154.37287836738548,177.25725725725727,-206.90023356690025,Male,English,Music,Vancour,yes
981,73.2850540160881,2.2572572572572724,-233.56690023356688,Male,English,Electrical,Vancour,NO
982,-178.46145296993987,-97.74274274274272,-166.90023356690025,Female,English,Electrical,Calagary,yes
983,135.66030351708608,-22.742742742742728,-60.233566900233576,Female,English,astronomy,Edmonton,yes
984,-85.14807971644686,-22.742742742742728,-193.5669002335669,Male,English,astronomy,Vancour,yes
985,-26.26584418750476,-122.74274274274273,113.09976643309975,Female,English,Chemical,Edmonton,yes
986,-61.1959839080636,277.25725725725727,-126.90023356690025,Male,English,Music,Ottawa,NO
987,39.60241928554914,77.25725725725728,-60.233566900233576,Male,English,CS,Kitchener,NO
988,-0.000874127624530935,-147.74274274274273,379.76643309976646,Male,English,Music,Edmonton,yes
989,-0.000874127624530935,177.25725725725727,153.09976643309975,Male,English,Physics,Ottawa,yes
990,-223.3716326106584,-92.74274274274275,-366.9002335669002,Female,English,CS,Calagary,yes
991,-151.51534518550872,-22.742742742742728,-353.5669002335669,Male,English,Physics,Kitchener,NO
992,-0.000874127624530935,127.25725725725727,259.76643309976646,Female,French,astronomy,Quebec,NO
993,-0.000874127624530935,-172.74274274274273,19.76643309976642,Male,English,Physics,Hamilton,yes
994,-0.000874127624530935,27.257257257257272,-353.5669002335669,Male,Other,Physics,Quebec,yes
995,-0.000874127624530935,177.25725725725727,-206.90023356690025,Male,English,Math,Quebec,NO
996,2.426770582954326,17.257257257257308,-100.23356690023357,Male,English,Electrical,Ottawa,yes
997,239.20321768874274,252.2572572572573,-140.2335669002336,Female,English,Music,Edmonton,yes
998,89.50261888634753,-22.742742742742728,-126.90023356690025,Male,English,Bio,Calagary,NO
